/playlist?id=37432514,那些只听前奏就中毒的英文歌,19335万,Teeny
/playlist?id=8862058906,Hiphop-高质｜欧美拽酷范 高质量嘻哈rap,14707,凌晨一点的莱茵猫
/playlist?id=34254526,我听欧美民谣的美好时光,887万,ceth
/playlist?id=2903676321,巴洛克流行 I 摇滚和古典的美妙结合,97万,一只喵喵喵星人
/playlist?id=134606748,【毒】开口沉醉，迷失于这女声,1649万,瘦茶
/playlist?id=6841321530,欧美R&B||沉浸于丝滑复古的灵魂旋律.,102万,流萤与诗
/playlist?id=75182300,评论过万的英文歌与潜力股,14462万,吴雪龙
/playlist?id=311692545,【民谣盛宴】100首必听欧美民谣,3239万,pure日月
/playlist?id=160065334,『阿卡贝拉』换种方式演绎欧美热单,718万,ZellaDay
/playlist?id=7836463743,R&B｜当代年轻人的耳机旋律,424万,蛋壳Maxd
/playlist?id=2031723550,钢琴前奏｜清新静谧的舒适体验,960万,马翊辰
/playlist?id=5073767626,东斯拉夫丨后苏联时代后朋冷潮的复古美学,145万,陈北及
/playlist?id=8817049067,浪漫R&B｜微醺浸染 或丝般柔顺 或梦般性感,27万,凌晨一点的莱茵猫
/playlist?id=8377288379,欧美说唱 | 百变flow纵享丝滑,74万,小任睡不醒0519
/playlist?id=5062223334,浪漫星空物语☆空灵嗓音与星辰旋律,419万,樱桃味音乐
/playlist?id=2962407224,『英伦女声』遗世而独立的不列颠玫瑰,274万,十三逆旅Cobain
/playlist?id=6185746,心驰神往，欧洲中古风格民谣,501万,少女不永恒
/playlist?id=2128071807,Bossa Nova惬意的下午茶时光,383万,卧室坐家
/playlist?id=733122887,100位欧美90后歌手：他们把青春给了音乐,1824万,帐号已注销
/playlist?id=5017523744,欧美节奏 | 节奏感满满的欧美歌曲,112万,老六puls
/playlist?id=24344383,[ 运动音乐 ] 脂肪与美貌不可兼得,897万,柠檬酸自知
/playlist?id=8099807237,欧美R&B || 慵懒旋律搭配成熟磁嗓,34万,不戆
/playlist?id=8457636764,R&B♡保持清醒的灵魂 总会遇到契合的人,52万,CtrlUshift
/playlist?id=8780381228,浪漫R&B｜丝滑节奏鼓点 绕耳心动氛围,4404,凌晨一点的莱茵猫
/playlist?id=8813338657,Relaxing Songs | 下班后与音乐一起归家吧,11万,Dream_d7
/playlist?id=32471960,温柔的摇滚吟颂者,506万,别情先生
/playlist?id=8734621991,心动R&B：快乐鼓点 带点可愛甜蜜的味道,46万,凌晨一点的莱茵猫
/playlist?id=8171148265,欧美氛围R&B ｜ 听节奏布鲁斯才是正经事,270万,陆大大来了
/playlist?id=53558869,当春风吹进民谣里【欧美篇】,171万,Sunshine-Miss-lin
/playlist?id=8903810943,R&B血型人の节奏布鲁斯 浪漫小屋,3056,凌晨一点的莱茵猫
/playlist?id=8793174852,『欧美小众』生有热烈，藏与俗常,10万,嘉伊酱
/playlist?id=8656474505,氛围R&B：浪漫血型 R&B血型人的每日必听曲,32万,凌晨一点的莱茵猫
/playlist?id=7758374374,【永劫无间】单排 练刀必备,32万,jay_TizzyT
/playlist?id=8863909643,封面正確！旋律正確！PHONK 启动！,14万,凌晨一点的莱茵猫
/playlist?id=8784999411,R&B氛围｜被多巴胺旋律围绕的质感女孩,11万,老威廉的米奇
/playlist?id=6897410885,Funk舞厅 · 摇摆于复古派对,111万,寻觅维恩斯
/playlist?id=7375024960,【欧美】 拽姐出街 辣妹必备,102万,Gufra-KALCOW
/playlist?id=69571731,给我一把弹不累的吉他,403万,Three_C
/playlist?id=8790921098,浪漫氛围感｜浸于R&B的极致浪漫氛围中,75611,凌晨一点的莱茵猫
/playlist?id=8367944648,INFP｜欢迎来到小蝴蝶的精神角落,36万,-孤岛与海_
/playlist?id=8480366497,欧美说唱//让人上瘾并沉迷的致命迷幻,55万,CtrlUshift
/playlist?id=9090458945,R&B|坠入意乱情迷的浪漫夜晚,19616,不二叔爱听歌
/playlist?id=8927399461,下班的路 | 听歌解除一天的疲劳,29069,Dream_d7
/playlist?id=8900261529,前线少女｜Strawberry草莓味快乐向听歌指南,8124,凌晨一点的莱茵猫
/playlist?id=6910830828,那些超燃超带感的英文歌【精选合集no.1】,613万,梅赛德斯XS
/playlist?id=8411926158,氛围感歌单｜性与愛缠绵 暧昧与涩涩最佳,120万,凌晨一点的莱茵猫
/playlist?id=8874175960,欧美百首佳曲：流行经典永不过时,7470,菠萝包好吃_u70w
/playlist?id=8744410966,R&B│自由的节拍融入各自的旋律,20296,蛋壳Maxd
/playlist?id=2022042402,性感高级慵懒风英文歌【持续更新】,301万,Manolo_Cc
/playlist?id=8288895420,浪漫R&B｜趁着微醺醉意和你讲浪漫与爱,82万,凌晨一点的莱茵猫
/playlist?id=8672841861,小众高级感｜浪漫 鼓点 微醺 极致氛围,30万,凌晨一点的莱茵猫
/playlist?id=2774009329,Country | 自驾旅行，赏乡野风情,234万,蜜糖男孩
/playlist?id=8445348555,“你应该是洒脱的 自由的 勇敢的”,55万,-孤岛与海_
/playlist?id=8552114446,California vibes｜公路旅行兜风 浪漫自由,187万,-孤岛与海_
/playlist?id=934792457,「英伦摇滚」唱片中的昔日时光,935万,xept
/playlist?id=8068778420,R&B缓解焦虑烦躁 舒适丝滑律动 慵懒氛围,135万,__Heisenberg丨
/playlist?id=968316152,小众英文 ｜ 独立宝藏音乐挖掘计划,27万,陆大大来了
/playlist?id=8157963709,「卧室氛围感」慵懒舒适chill 惬意又浪漫゜,152万,花信空
/playlist?id=8686080533,励志音乐｜前奏崛起 向著生活殺去,95628,凌晨一点的莱茵猫
/playlist?id=8451886193,小众｜那些极致温柔的英文歌,45万,CtrlUshift
/playlist?id=8440497841,多巴胺女孩快乐必听曲｜出街氛围曲,122万,凌晨一点的莱茵猫
/playlist?id=8407539138,浪漫R&B：玫瑰万千 去做风 狂热炽热,34万,凌晨一点的莱茵猫
/playlist?id=8261355008,小众高级感：微醺R&B 慵懒暧昧 浪漫的味道,41万,凌晨一点的莱茵猫
/playlist?id=2215267824,『梦幻噪音治愈手册』自赏派编织的斑斓绮梦,333万,BeerBadBlood
/playlist?id=8468875503,另类丨独立丨你第三只眼里的尘埃,22万,CtrlUshift
/playlist?id=8468623523,另类流行 | 叛逆外表下的极致温柔,11万,CtrlUshift
/playlist?id=8689629551,R&B丨灵魂舒缓剂 松弛律动的骚气曲调♪,22863,Yoraiz0r的魔法
/playlist?id=8377278470,「爬墙」旋律/氛围/欧美/R&b/流行/说唱,291万,爬墙少年_297
/playlist?id=6976173486,欧美英文｜旋律 节奏 律动 氛围,416万,张以晨_
/playlist?id=8942743940,遗落梦境 | 情绪的坠落 穿梭在梦境之中,8113,-孤岛与海_
/playlist?id=2422578145,『欧美说唱』辣妹必听丝滑律动,104万,活捉
/playlist?id=8167494631,慵懒时光｜柔柔微风轻轻吹动着书页,156万,Bzstrive
/playlist?id=8728571268,美式辣妹系歌单| 化妆BGM做自信精致酷girl,37万,-孤岛与海_
/playlist?id=8276779798,欧美说唱藏宝阁『私人臻藏』,50680,1-To-l
/playlist?id=8927830370,柔情R&B｜温柔从耳朵渗透进身体力里,13073,总有一束光等着你
/playlist?id=8734354063,『欧美治愈系』▪漫步于飘渺云端,14万,不进年级前15不改昵称
/playlist?id=8822562588,灵魂序曲：节奏布鲁斯,13万,_Sisson
/playlist?id=8753733314,City of stars | 沉醉巴黎的橙色浪漫夜光中,23万,-孤岛与海_
/playlist?id=7730888978,低饱和R&B：暧昧烂漫的气味☪,588万,猫肉桑
/playlist?id=8934055908,深夜独享 | 一个人也可以很快乐,22292,Dream_d7
/playlist?id=8468655342,欧美轻松清晨∥用音乐和阳光迎接活力与热情,40万,早起头发会炸毛
/playlist?id=6597679343,慵懒随性 | 戴上耳机舒适度100%,969万,雾霭晚秋
/playlist?id=8306564455,阴霾的天气，沉郁的情绪需要放轻松,19万,xiv以暖兮
/playlist?id=7511661482,微醺氤氲ღ氛围感拉满的卧室音乐,165万,芳心收集人
/playlist?id=8284654770,情绪一秒上头的旋律说唱【耳机党狂喜】,12万,小熊貓貓c
/playlist?id=8902340420,「 R & B 」当代年轻人 的耳机旋律,1246,不二叔爱听歌
/playlist?id=8282413383,「BTC4」这tm的才叫音乐｜时间减速带 ,340万,BTC4_Music
/playlist?id=8408673569,R&B / NeoSoul 50's 慵懒声线搭配清冷甜嗓,49万,RustyMachine
/playlist?id=8175961869,英文节奏控丨适合驾车时听的轻快旋律,348万,芳心收集人
/playlist?id=6960440256,一些很欲 缠绵 性感 的歌｜欧美,991万,alwaysbeROMANTIC
/playlist?id=7420946754,工作|运动|学习| 全英背景音乐,10万,许州官不放火
/playlist?id=128251515,美国说唱史上最伟大的100位歌手。,230万,用户69578876
/playlist?id=4894076787,欧美慵懒向｜ 独行的人总会遇到有趣的人,621万,懒瑟不懒
/playlist?id=8878555583,微醺R&B 一起在浪漫世界里死去,2014,流萤与诗
/playlist?id=5382781283,Trap&Melodic亚特兰大陷阱旋律说唱,71306,Setoff-ATL
/playlist?id=8799717154,“性与爱共缠绵”极致微醺 氛围感,27万,超Q弹的金金金
/playlist?id=2669325401,【英文】燃爆全场的英文歌曲，嗨到天亮！,1070万,到月球上走走
/playlist?id=8371031128,Jazz轻享｜阳光慵懒午后 优雅爵士小清新,29万,凌晨一点的莱茵猫
/playlist?id=8839989010,心碎成了一地的记忆碎片，满目的落寞。,12556,Eliy-Habir
/playlist?id=83105064,257位西海岸说唱歌手精选,385万,帐号已注销
/playlist?id=8495584696,浪漫R&B：微醺氛围 浪漫氤氲浸染,33065,凌晨一点的莱茵猫
/playlist?id=8368945230,R&B氛围丨万缕柔情 拂动心弦,37万,圆嘟嘟小甜饼
/playlist?id=7422454990,旋律R&B｜梦幻、甜蜜、荡漾氛围的爱,396万,Bzstrive
/playlist?id=8939573931,下班约会： 欧美小调收藏心动瞬间,2489,不二叔爱听歌
/playlist?id=8457651555,R&B·沉沦于蓝色梦乡 慵懒吐出夕阳,33万,CtrlUshift
/playlist?id=8888859360,Hiphop精选｜感受街头潮流的节奏冲击,13508,老威廉的米奇
/playlist?id=7441585708,高质感节奏控｜高奢店铺氛围欧美音乐,15372,Miss莫扎瓦
/playlist?id=7301594684,【Rap】开车听这些 交警都问你要歌名,889万,猴里贵想吃麦当劳
/playlist?id=8153425633,卧室氛围感|微醺音乐 暧昧 慵懒,22万,芳心收集人
/playlist?id=8552179490,citywalk听什么 | 漫步在都市节拍,176万,弄潮儿电台
/playlist?id=8018691505,Feel the light｜向阳而生 自由 炽热且勇敢,422万,-孤岛与海_
/playlist?id=8725397207,今晚月色朦胧｜气氛暧昧 喝酒/卧室/微醺,6714,-孤岛与海_
/playlist?id=7070573082,国外·Melody|【旋律说唱】耳膜兴奋剂,195万,D7666_
/playlist?id=8406015094,缱绻R&B｜想在每个朦胧的夜幕下拥抱你,62万,Bzstrive
/playlist?id=8790452498,驾车听歌 | 日暮时和我 一起去兜风吧,36878,Dream_d7
/playlist?id=7480837021,日落轻柔小众｜海浪与晚风叙旧,374万,自信又果敢
/playlist?id=8813743400,荒诞与浪漫 | 一起逃亡到世界的尽头,48630,-孤岛与海_
/playlist?id=8756550075,Neo Soul｜走进律动弥漫的霓虹旅店,44287,老威廉的米奇
/playlist?id=8743088411,多巴胺氛围｜Dopamine性感嗓音与鼓点的碰撞,23万,凌晨一点的莱茵猫
/playlist?id=5321116636,『机车』摩旅、跑山骑行歌单,113万,LinLaugh
/playlist?id=3229941142,【R&B】在璀璨星河下微醺 喝杯小酒吧！,3591万,猴里贵想吃麦当劳
/playlist?id=8236726038,欧美优质hiphop 顶级唱腔和丝滑flow,367万,J-xxing
/playlist?id=8480322207,<欧美说唱>当我的灵魂和身体共振,85321,CtrlUshift
/playlist?id=5070424,音乐激励运动·中速跑BPM160-170·壹,319万,北漂老妖
/playlist?id=7352769,老爵士，入味地听,271万,DJ-W凯瑟琳
/playlist?id=8726293878,微醺R&B 小众 | 买花是顺路，浪漫是日常,24413,MAOYOUGG
/playlist?id=7371585618,微醺氛围感| 浪漫 慵懒 极致欢愉,298万,Belovedya
/playlist?id=8728199266,「欧美solo女声」温柔音律，一秒沦陷,33678,卖黑椒买黑胶
/playlist?id=8621074208,冬日歌单 | 下雪天 慵懒柔软 温暖治愈感,27万,-孤岛与海_
/playlist?id=8400492541,精神乌托邦 | 电音如烟花般绽放希望与美好,25万,xiv以暖兮
/playlist?id=8427007096,欧美氛围｜落日限定 奔跑在暮色浪漫里,38万,凌晨一点的莱茵猫
/playlist?id=7358981102,欧美控精选：沦陷上瘾倾心旋律,1718万,鱼饼好吃耶
/playlist?id=8662831493,『复古DANCE FLOOR』 来点骚气摇摆旋律♪,41万,Yoraiz0r的魔法
/playlist?id=7776105393,清冷破碎感｜沉溺于虚幻缥缈的梦境之中,24123,-孤岛与海_
/playlist?id=8806625123,欧美放空系 | 治愈舒缓 聆听温柔旋律,11万,-孤岛与海_
/playlist?id=6819880980,那些超好听的英文歌单（全部免费）,8789,BIAN墨
/playlist?id=7644330173,通勤路上的必备英文单曲,51万,Sailesi
/playlist?id=8558953840,【欧美/旋律】“极致旋律 极致享受”,13万,NO1-Holly
/playlist?id=8803527187,独处 安静 成长 | 探索内心的力量,76459,Dream_d7
/playlist?id=8727419531,欧美轻小调｜Apricity 干净阳光 清新小调,54万,凌晨一点的莱茵猫
/playlist?id=101354498,时尚运动•必备节奏,3310万,yin雪燕
/playlist?id=8787534857,欧美旅行 | 让耳朵先出发与音乐共沉浸,31980,Dream_d7
/playlist?id=7607455542,『欧美节奏控』旋律轻快好听的英文歌,168万,芳心收集人
/playlist?id=8242778600,欧美|一听前奏就喜欢 无限单曲循环100首,37592,玫瑰cyz
/playlist?id=2872125986,『神级现场』让人泪目的欧美经典live,651万,十三逆旅Cobain
/playlist?id=7336700790,独享欧美Pop :耳机青年的深度陶醉,1585万,猫肉桑
/playlist?id=8257649679,「欧美氛围感歌单」奔跑在日落和浪漫里,260万,-孤岛与海_
/playlist?id=623793500,辣妹们出街 | 全网最正的辣妹歌单,1148万,弄潮儿电台
/playlist?id=8480657327,拯救早八 | 迅速提神醒脑,30万,小翅膀的羽毛
/playlist?id=8742919802,元气清晨｜Active 起床必听的清爽英文小调,31万,凌晨一点的莱茵猫
/playlist?id=7482456436,超燃旋律|节奏感超强音乐,31万,死神永生-_
/playlist?id=8413001593,高级感chill｜慵懒放松 卧室暧昧氛围,106万,Bzstrive
/playlist?id=8806966062,呛辣精选：格莱美女神豆荚猫Doja Cat,15万,索尼音乐国际
/playlist?id=4865779167,Teen Pop：世纪之交的青春盛宴,116万,Keung13
/playlist?id=8615539052,英文小甜歌：欢乐轻快的阳光氛围曲,77万,Shylie月
/playlist?id=7388247922,节奏控｜怦然心动的优美旋律,318万,这条平凡的狗_QwQ
/playlist?id=2709554023,好听到炸的英文歌单！！！好歌单，不解释。,3263万,cloud_杰
/playlist?id=7477547538,在舒缓的旋律中陪你渐入佳境,108万,等风热Weni
/playlist?id=7091740574,耳机党福利｜超酥超好听的的英文歌单！,312万,佛系音乐藏家
/playlist?id=8613484069,欧美氛围：趁着落日 去拥抱浪漫 拥抱自由,39万,Shylie月
/playlist?id=8665909492,灵魂松弛剂：放空思绪 远离喧嚣 坠入云间,36万,-孤岛与海_
/playlist?id=7693955332,feel欧美|与吹过雏菊花海的微风相拥,93598,安度因的幻想
/playlist?id=7067842176,节奏布鲁斯 | ENG.R&B【贫民嘉年华】,48万,Us1n
/playlist?id=6746945032,欧美百首典藏：流行佳曲永不过时,684万,菠萝包好吃_u70w
/playlist?id=8899024545,欧美音乐控：每首都值得心动循环,305,不二叔爱听歌
/playlist?id=8368808311,欧美微醺chill°氛围高级感｜暧昧与缠,655万,圆嘟嘟小甜饼
/playlist?id=8788849922,city walk｜漫游在城市的每一个角落。,2346,袁两半i
/playlist?id=8891834226,氛围音乐｜浪漫灵魂 R&B血型人的每日必听曲,782,凌晨一点的莱茵猫
/playlist?id=9066401845,深夜男声 | 道不完的思念和遗憾,19900,Dream_d7
/playlist?id=6993196007,高级感｜氛围感｜舒缓英文歌｜持续更新,129万,KOIYANEXX
/playlist?id=8527348951,时代巡演 | 霉霉The ErasTour演唱会/电影,24万,哎哟杜子腾
/playlist?id=373584919,『惊艳女声』那些旋律沦陷的英文佳作,2579万,棕鹿与独角兽
/playlist?id=8399680947,欧美系列|极致放空 找回自己,76万,傻傻的大大怪
/playlist?id=6882908761,治愈系小清新欢快节奏 英文歌♪,83万,逃离休眠期
/playlist?id=8617399409,微醺R&B/慵懒随性，微醺时刻,16万,MAOYOUGG
/playlist?id=5465808317,空灵/病娇/涩气/疯批美人/斯文败类,62万,-谁来落幕的夜晚-
/playlist?id=5466807380,小众英文歌曲｜那就在一起 黄昏与日落,13万,小猫不吃鱼_5
/playlist?id=932071711,画画时听的歌 艺术 设计 (专注的做一件事),443万,无所谓的灵魂
/playlist?id=7562920332,月下探戈｜与你浸泡在微醺夜色里,27万,Bzstrive
/playlist?id=8244084970,【欧美R&B】超优质高级|舒适的韵律氛围,195万,Dopamine多巴胺安
/playlist?id=7730337948,JAZZ HIP HOP|爵士会让一切变好,29万,TesteProuve
/playlist?id=8662326826,R&B丨慵懒似夏夜的风温暖地牵着你的手,47635,Yoraiz0r的魔法
/playlist?id=5169111277,放轻松 就当漫游地球 来和我一起听吧！,1424万,大大怪怪阿姨
/playlist?id=8480282278,那些好听到爆炸的英文说唱,16万,CtrlUshift
/playlist?id=6702660581,【旋律控】超级好听的欧美良曲,1562万,km623
/playlist?id=8942867349,欧美小众|乘着晚风与落日相会治愈,19973,不二叔爱听歌
/playlist?id=4983641639,小众高级感音乐(超级有感觉),414万,我是你内心的我
/playlist?id=46917435,冲击耳膜！欧美说唱最强音,1027万,说出愿望_吧
/playlist?id=8470432103,『欧美小调』温柔与慵懒交织的氤氲梦境,12万,小翅膀的羽毛
/playlist?id=5465168735,「化妆/洗澡」女孩子当然是草莓味的!,786万,iambeiqing
/playlist?id=8788551460,超燃旋律歌曲｜节奏感强的音乐运动健身跑步,112万,音乐歌单
/playlist?id=7737523640,西海岸说唱 | Trap陷阱给大脑过电,109万,RapFollow
/playlist?id=2823286777,⁡欧美R&B丨涩气微醺缠绵氛围感,156万,活捉
/playlist?id=8253976851,Dopamine多巴胺安｜R&B 欧美｜韵律缠绵,217万,Dopamine多巴胺安
/playlist?id=8099934660,欧美放松向丨假期需要点节奏放松,61万,不戆
/playlist?id=7340185790,欧美R&B | 暧昧沦陷 沉浸浪漫氛围感,23万,布洛芬解药
/playlist?id=8781601423,欧美R&B｜风是自由的，希望你也是,10750,凌晨一点的莱茵猫
/playlist?id=2320006903,【健身氮泵】鲜血和汗水才是男人的灵魂！,163万,故人江上酒
/playlist?id=6881875036,[ 复古留聲机 ] 浪漫的千百种表达方式,231万,秋chill的首席推歌官
/playlist?id=8480543377,迷人反派 | 我要赢 不择手段,93959,小翅膀的羽毛
/playlist?id=8226949386,欧美流行:挖掘欧美小众宝藏-只与你分享,12631,百川学长
/playlist?id=8468574825,欧美流行｜欢快小调✨不开心都通通给我消失,95156,小翅膀的羽毛
/playlist?id=8808492516,Chill R&B｜零碎的岛屿会找到海,14165,MAOYOUGG
/playlist?id=8742569444,快乐洗澡歌｜沐浴欢乐旋律 纵享丝滑时光,15878,凌晨一点的莱茵猫
/playlist?id=560017896,欧美|百听不厌的英文歌,395万,然叔的旅行听歌日记
/playlist?id=5451679698,控球 节奏 打球时听的歌 ＃ 控卫,1022万,余俊江-
/playlist?id=8529260903,小狗电台puppy：为你播放快乐的歌,32万,小狗电台puppy
/playlist?id=8193412609,放松一下吧～生活大可不必太过焦虑,105万,Bzstrive
/playlist?id=8740695725,欧美民谣小调：慵懒静谧 享惬意悠然,23万,-孤岛与海_
/playlist?id=3116763088,音乐的力量 I 文艺复兴时期的世俗情歌,76万,一只喵喵喵星人
/playlist?id=6919282294,Hip-hop | 又拽又酷的小姐姐歌单,462万,WUlian_M
/playlist?id=7586089368,私藏欧美歌单丨超火的欧美流行风 百听不厌,127万,角港
/playlist?id=8408118665,[节奏布鲁斯唱片行] 感受Rnb的天籁之声,48319,刘左泽
/playlist?id=8582873877,喜欢清净的午后，来首轻缓的英文歌,22万,李哲-小盆友
/playlist?id=2374986047,『惊艳男声』那些旋律沦陷的英文佳作,1424万,棕鹿与独角兽
/playlist?id=8824021754,浪漫微醺丨每一首都触及人心 独属你的浪漫,30990,关于遗憾的故事
/playlist?id=7274227578,「R&B入耳即醉1.0」放松心情 缓解焦虑,275万,RyanZ阿郑
/playlist?id=2278476617,欧美 | 清晨起床必听的清爽英文小调,266万,织秋裤
/playlist?id=5193221116,黄昏将至| 蓝调R&B奏响日落橘海,303万,Bruce梁博
/playlist?id=7689441259,精选R&B歌单Ⅰ下午/傍晚必备微醺Ⅰ放松/慵懒,72万,游澄焰
/playlist?id=2484415186,起床/健身/洗澡/通勤/开车/跑步/醒脑,1104万,三韦三
/playlist?id=8849100474,『欧美流行』声色撩耳，深陷其中,5660,Eliy-Habir
/playlist?id=8433165333,『欧美氛围』轻微节奏，趁落日浪漫出逃,56005,xiv以暖兮
/playlist?id=8468574203,欧美恋歌｜和你一起浪费时间的日子,81278,早起头发会炸毛
/playlist?id=8686856376,周末欢愉：开启快乐模式 去拥抱美好心情叭,71020,凌晨一点的莱茵猫
/playlist?id=8697890583,小耳机｜欧美R&B歌单 慵懒氛围 微醺时刻,95523,耳机听什么-Today
/playlist?id=8245045079,Taylor Swift 霉霉2024年演唱会有序歌单,86720,rukam酱
/playlist?id=8470452906,小众欧美‖柔柔微风轻轻吹动着书页,33万,小翅膀的羽毛
/playlist?id=7477762277,【场景系列】咖啡厅｜浪漫放松的音乐,27694,Sharon-Kristen
/playlist?id=9087141234,欧美丨好听的温柔英文歌 渐渐睡入温柔乡,23287,关于遗憾的故事
/playlist?id=8855032147,【提名名单】2024第66届格莱美（四大通项）,2312,boogggoo
/playlist?id=6620195607,复古浪潮 | 日落兜风 穿梭于变换的霓虹灯间,167万,雾霭晚秋
/playlist?id=8415382313,甜度微醺｜R&B 浪漫 慵懒 氛围感拉满,48万,关于遗憾的故事
/playlist?id=8808405122,R&B/Soul｜音乐是自由的飞鸟,20811,蛋壳Maxd
/playlist?id=8590397713,治愈系英文女声/山谷晨风凄清，我以笑相迎,17万,落-橙
/playlist?id=4920405293,安静|那些自带高级感的英文歌,1130万,知鱼__Carrie
/playlist?id=7672260548,吸引力法则|高能量歌单 显化sp money ,17万,Sylvia_7B4y
/playlist?id=8136130204,Taylor Swift:The Eras Tour巡演大电影歌单,30万,_tateisfine
/playlist?id=8442412338,氛围rnb｜浪漫微醺·随性灵魂,5727,花信空
/playlist?id=2625770145,『开车必备英文嗨歌』驾驶请开启3D环绕♞,453万,麋鹿迷了路_tWkL
/playlist?id=8560680121,乐队艺术|消沉与振奋 缱绻与迷醉,11万,猹狸rr
/playlist?id=78669437,美剧中的神级插曲,1520万,Ian_Icebear
/playlist?id=385446594,辣妹节拍器 | 动感少女的热舞派对,608万,弄潮儿电台
/playlist?id=8802132153,戴上耳机 | 全世界的喧嚣与我无关,83482,Dream_d7
/playlist?id=7210684924,「卧室氛围感」微醺音乐,257万,Cloe_1
/playlist?id=8285000614,INFP歌单 | 对抗焦虑的自救指南,19万,弄潮儿电台
/playlist?id=7007240769,『小众安静』浅吟低唱，微醺温柔梦境,34万,酥塘77
/playlist?id=6820978324,你能忍到几首不唱不跳？,313万,Tashinyima_
/playlist?id=8440121381,治愈英文｜每个夜晚都可以很看到日光,13万,秋有十几岁
/playlist?id=929874845,欧美 | 注入灵魂·流行英文歌曲指南,622万,织秋裤
/playlist?id=8789780932,小众英语｜神仙慵懒歌嗓放空大脑,22万,杨大叔呢
/playlist?id=7651604465,欧美微醺||小酒馆中浪漫的独舞,64万,taywerm
/playlist?id=8451906074,欧美小众ღ在优美旋律中徜徉入梦,79533,CtrlUshift
/playlist?id=8451534820,节奏控 | 神仙音律，瞬间开启心动模式,79万,CtrlUshift
/playlist?id=5312818460,【车载RAP】黑人嘻哈节奏驾车BGM,34万,奋力爬上山巅的山羊
/playlist?id=5017300183,欧美盛宴｜开车兜风的R&B超带感音乐,326万,一个男同学-Aiden
/playlist?id=8778106210,冬日歌单：沉溺在冬日静谧而浪漫的氛围里,6298,-孤岛与海_
/playlist?id=2941287037,那些好听又找不到的英文歌～,642万,香菜报次
/playlist?id=8786234410,治愈英语歌｜温柔的灵魂终将相遇,18894,杨大叔呢
/playlist?id=8457319040,『欧美旋律』温柔与慵懒交织的氤氲梦境,93879,CtrlUshift
/playlist?id=5283571330,旋律说唱 | 探寻灵魂深处的舒适,104万,worldindeed
/playlist?id=7587132961,欧美音乐时刻｜旋律抓耳的英文歌曲,608万,夕落沧溟
/playlist?id=7465644893,欧美流行丨点燃激情 释放压力,18万,CtrlUshift
/playlist?id=8468240777,清晨听歌指南｜将温柔藏匿于花海,81924,早起头发会炸毛
/playlist?id=6906940428,沉溺在致幻陷阱,172万,lOriagxN
/playlist?id=8011907090,欧美放松向丨慵懒表达情绪 温情藏有个性,77万,傲娇霉说你泰矮i
/playlist?id=2335993921,清晨起来打开窗，心情美美哒,986万,孤独中清醒
/playlist?id=5080932663,〔超燃英文歌曲丨爆炸踩点系列〕,874万,Bilaliden-
/playlist?id=8650543803,慵懒 悠闲 温柔丨浪漫的人有自己的乌托邦,56198,MAOYOUGG
/playlist?id=5344775532,复古系|光怪陆离的幻想之旅,136万,Spectual
/playlist?id=2154264138,抒情RNB • 暖人格调邂逅英伦男嗓,14万,UncleWei_伟叔叔
/playlist?id=7359295346,【英文】温柔治愈开口跪系列！,23万,热心音乐人橘子
/playlist?id=4997877318,The Weeknd｜谁能拒绝才华横的盆栽呢！,90万,想要盒乐高
/playlist?id=7718356662,欧美新声：拥抱浪漫，把时光浪费,18万,CtrlUshift
/playlist?id=2633517765,拽姐/大佬/病娇/涩气/疯批/腹黑,71万,宋锦珂想睡觉
/playlist?id=8823726019,欧美放空指南：舒适惬意 感受休闲好时光,11279,-孤岛与海_
/playlist?id=8509572368,超燃健身房歌单 精神氮泵 撸铁力量训练,48万,__Heisenberg丨
/playlist?id=7539221559,欧美流行丨节奏中藏匿的浪漫星河,16万,小翅膀的羽毛
/playlist?id=8425918319,浪漫律动|极具旋律感的R&B,16万,音乐合伙人
/playlist?id=8542903484,夏日多巴胺快乐氛围曲•欢快旋律,40万,凌晨一点的莱茵猫
/playlist?id=5084008114,治愈向|小众英文歌〖开口跪旋律绝美〗,417万,_-OxO-
/playlist?id=8090992190,超级治愈的英文歌，『温柔到骨子里』,30万,-TaylorTaylorTaylor-
/playlist?id=8883542987,戴上耳机 | 感受与世隔绝的自由,725,Dream_d7
/playlist?id=8716116122,Strawberry妆调｜一个精致女孩化妆歌单,28079,凌晨一点的莱茵猫
/playlist?id=8854528805,2024年格莱美格莱美提名揭晓,88万,Beth丝丝
/playlist?id=8816176609,听温柔的歌，成为最坚定的我们,1225,xiv以暖兮
/playlist?id=8756753298,清爽假日风｜感受假日阳光又清爽的自由,19万,凌晨一点的莱茵猫
/playlist?id=7614855328,休闲放松丨治愈舒缓解压,17546,Coisini_UHA
/playlist?id=6929727488,小众但特别温柔的英文歌！！（有几首中文歌,26万,Vi-mamm
/playlist?id=2853788694,Random丨听着就很快乐的英文歌,1322万,JamJam28
/playlist?id=8905922687,慢调旋律/克莱因的蓝加莫奈的灰,25200,MAOYOUGG
/playlist?id=8846852684,小众俄语｜清波碧浪 婉转萦回,716,Eliy-Habir
/playlist?id=6695508209,慵懒｜高级｜小众｜咖啡店音乐 |R&B,230万,枳花-zsy
/playlist?id=7666531135,今天你恶龙了吗,188万,江南雨椿
/playlist?id=8368898149,「欧美流行」沦陷歌嗓 | 精选氛围英文歌,10万,圆嘟嘟小甜饼
/playlist?id=7579565421,[大胆、个性、自我] 风格多元的欧美说唱,118万,xxxRayi
/playlist?id=7277301281,欧美R&B 丨微醺 暧昧 氛围感,126万,傲娇霉说你泰矮i
/playlist?id=8470430175,Dopamine多巴胺安｜欧美｜韵律缠绵,89150,小翅膀的羽毛
/playlist?id=8804844119,冷门小众且惊艳｜压箱私藏宝藏歌单R&B,1389,超Q弹的金金金
/playlist?id=7687594030,治愈英文，即享温柔时刻,66240,小小小的可爱呀
/playlist?id=6939992949,那些超燃超带感的英文歌【精选合集no.4】,217万,梅赛德斯XS
/playlist?id=8804814483,Love Songs | 前奏一响就到点红心的程度,43523,Dream_d7
/playlist?id=2733677008,「俏皮可爱」节奏欢快的英文歌,159万,常春_藤
/playlist?id=932176943,「PB-R&B 」另类迷幻的空灵音律。,673万,JazzLove
/playlist?id=8368338198,[R&B]微醺 像轻云细雨般，缠绵不清,20万,圆嘟嘟小甜饼
/playlist?id=5204401228,『R&B』温柔与慵懒交织的氤氲梦境,451万,fakelovedontlast
/playlist?id=7666186748,INFJ ｜独处 自由 松弛感 沉浸式 放空,755万,-孤岛与海_
/playlist?id=2151381888,『欧美风』节奏感｜运动｜醒脑｜耳孕专用,510万,Cceciliao
/playlist?id=962525610,[欧美]燃爆性强节奏踩点歌曲（不定期更新）,239万,INK墨汁君
/playlist?id=2880017077,比伯/碧梨/猴西/霉霉/水果/A妹/戳爷/Lauv/,280万,和我看日出麼
/playlist?id=2902128439,Urban · 历届格莱美精选集,203万,蜜糖男孩
/playlist?id=8469006260,「快乐星球」 会让你心情变好的欧美小调,66582,小翅膀的羽毛
/playlist?id=7499330006,「欧美 超燃 节奏」女生既可以美也可以酷,84万,冬日蓝星
/playlist?id=8468085856,欧美治愈｜世界不再贩卖焦虑，开始流行快,25916,小翅膀的羽毛
/playlist?id=8846388781,Vehicle | 一路音乐陪伴 一路心情放飞,515,Dream_d7
/playlist?id=8800458787,复古R&B｜感受摩登都市的慵懒节奏,17338,老威廉的米奇
/playlist?id=4976883808,『KEEP』跑步/帕梅拉/节奏感动力歌单,297万,-孤岛与海_
/playlist?id=8969629727,自由组｜ENTP/INTP｜“自由是灵魂的氧气”,11011,流萤与诗
/playlist?id=7062544587,丝滑R&B^RNB｜节奏邂逅旋律,7163,喜鹊啾啾_
/playlist?id=8793237766,爵士慢摇 | 恣意沉醉，感受音乐与生活,1850,小小小的可爱呀
/playlist?id=512699159,【氛围感】适合 D 0（做事儿）时候听的歌,109万,William_蒋
/playlist?id=2314766620,『电音女毒』女声响起，即沦陷之时,1276万,HUMAN00
/playlist?id=5081506562,温柔抒情英文歌单开口醉,63301,聆雪赴冬日
/playlist?id=2008935342,无前奏丨欧美女声丨三秒爱上,4943万,chel_w
/playlist?id=8923392492,『哈曼卡顿琉璃4』｜体验超清臻音沉浸环绕,6353,芝士电次
/playlist?id=7687627601,欧美新声：拥抱浪漫，把时光浪费,12万,小小小的可爱呀
/playlist?id=8617401777,➤潮牌店BGM/东山口/安福路/太古里♪,12万,FIZOFAOUEZ
/playlist?id=8469033134,浪漫主义 | 梦幻的边境 疾驰的海风,81166,小翅膀的羽毛
/playlist?id=8046165896,Chill R&B｜戴上耳机开启放松模式,89万,_枫叶做的风铃
/playlist?id=8831338036,ISFP独白☁️悦耳电频，灵感探索,10771,Martin网易云Carlos
/playlist?id=9072037658,「欧美｜伤感」心如荒岛因我终老,10226,宁波小伙不一般
/playlist?id=8470077818,高级感chill｜慵懒放松 卧室暧昧氛围,90593,早起头发会炸毛
/playlist?id=8891421016,改变磁场，吸引好运，快乐玄学100％欧美系,3957,超Q弹的金金金
/playlist?id=8451905968,英文旋律｜沉浸于舒心的治愈小调,84325,CtrlUshift
/playlist?id=706910623,【意境篇】公路/夕阳/沙漠/海风,191万,本命v
/playlist?id=8759728202,疯批/兴奋/涩媚/带感/节奏感强一些的BGM,15万,JIEER_9V18
/playlist?id=7513368748,跑步唤醒剂：激活神经|运动不止,41万,偷走了西雅图的天空
/playlist?id=7539234690,欧美撩耳旋律·浪漫如浓云欲坠,10万,肉肉的作业君
/playlist?id=8869022308,Ephemeral小众｜调停者人格的 耳机避难所,704,凌晨一点的莱茵猫
/playlist?id=8550146295,PHONK神曲：纯爱硬曲 高燃漫剪BGM phonk ,79万,凌晨一点的莱茵猫
/playlist?id=7752869812,R&B推荐｜慵懒的粉色与浪漫感的适配度拉满,332万,ChaNa__VvV
/playlist?id=7639638776,“没有小众的音乐，只有迟到的听众”,17428,JeanaChong
/playlist?id=8820554174,温柔治愈 所幸世上有光总会相遇的,17382,关于遗憾的故事
/playlist?id=8451473927,坠入碧蓝盛夏☀清旋律，惬意微醺,80303,CtrlUshift
/playlist?id=7718761702,欧美惬意 ♡ 醉意慵懒的梦幻音嗓,52165,CtrlUshift
/playlist?id=484565722,深夜做作业听点安静的歌(欧美为主),229万,韩酒黔
/playlist?id=8746915907,节奏多巴胺｜欧美性感女嗓与氛围鼓点的碰撞,73284,凌晨一点的莱茵猫
/playlist?id=2289361714,【99℃耳朵怀孕系列】值得单曲循环的英文歌,734万,是你的顾柒柒_cc
/playlist?id=7738739767,英文民谣｜沉浸于舒心的治愈小调,47万,_枫叶做的风铃
/playlist?id=8804899490,走路带风｜造型要酷，气势要足,8465,Evelauren
/playlist?id=6793651314,节奏控｜健身爱好者的专属福利,141万,这条平凡的狗_QwQ
/playlist?id=8782566006,心动R&B：快乐鼓点 带点甜蜜可爱的味道,4475,凌晨一点的莱茵猫
/playlist?id=7725748433,R&B推荐|清冷嗓音又飒又酷的唱着迷幻R&B,40万,ChaNa__VvV
/playlist?id=8451500804,旋律流光 | 迷失在梦境之中,78199,CtrlUshift
/playlist?id=8821617302,小众欧美系 | 缥缈空灵旋律 温柔慵懒的嗓音,26000,-孤岛与海_
/playlist?id=7541833512,节奏控｜戴上耳机舒适度100％,167万,心跳停止才算自由
/playlist?id=2777953134,欧美治愈系|温柔英文歌✨,1230万,奈奈生晴子
/playlist?id=7718601854,欧美治愈：沉溺轻漫的温柔音海,111万,CtrlUshift
/playlist?id=2032139172,『电驾』比酒驾更危险的是电驾,2387万,GalaxyPro
/playlist?id=7228606210,[节奏控]【超好听的小众英文歌】,1803万,Gabelem
/playlist?id=2623930408,酷哥御用（黑暗迷幻涩气向）,276万,镌花匕首
/playlist?id=7389092203,微醺欧美：玫瑰沉溺晚霞色彩的海浪,131万,圆嘟嘟小甜饼
/playlist?id=8845509066,伤感的岁月，还能否找回曾经的快乐,15223,Eliy-Habir
/playlist?id=7325518604,『欧美』辣妹/性感/微醺/氛围/歌单,371万,Seoxe
/playlist?id=8892145195,Flipped洗澡小曲 快乐时光 舒适又治愈,943,凌晨一点的莱茵猫
/playlist?id=6753881336,开口即是惊艳｜独特惑人嗓音 一秒沦陷,744万,北方易先生
/playlist?id=7510191367,宝藏欧美|和耳机一起听快乐唱歌,61334,小翅膀的羽毛
/playlist?id=5361129558,【欧美】让你一秒倾心的神级电音❤️,113万,RuHIgeKatze
/playlist?id=2963717607,节奏控 | 神仙音律，瞬间开启心动模式,919万,鱼骨与飞鸟集
/playlist?id=6963303728,轻松舒缓的英文歌&捕捉生活的温柔,25276,VR_One
/playlist?id=7212442830,「欧美说唱」温柔rap唱给你听,15万,The_Shire
/playlist?id=8468658718,落日飞车 | 今天晚霞很温柔风也醉人,75642,小翅膀的羽毛
/playlist?id=2175493416,「病娇色気」极诱心扉，撩红耳根的性感旋律,751万,PEachhhh0624
/playlist?id=7631102355,【旋律控】带来极致享受的欧美旋律,661万,Le____soleil
/playlist?id=5177401117,想拥有欧美辣妹的自信！,412万,淤泥泽惠_
/playlist?id=7687417763,欧美粉必听！坠入云端的心动节奏,36304,小小小的可爱呀
/playlist?id=2456763210,《复古青年蹦迪指南》,877万,Noise-x
/playlist?id=8885533585,欧美丨希望世界安静，让所有情绪见鬼。,26240,北方易先生
/playlist?id=8379334793,｜陶醉女毒｜余音绕梁 无限循环,76万,吾只略潮-爵爷
/playlist?id=7355049411,无vip）冷门小众但巨好听的英文歌！信我！,29646,climate气候-
/playlist?id=6934333490,欧美流行｜欢快小调✨不开心都通通给我消失,446万,世界树修剪师
/playlist?id=627109751,百听不厌！精选怀旧经典英文英语老歌200首,157万,MP-Music
/playlist?id=8850867852,「冬天 · 与你」雪是大浪漫，你是小人间,13799,夏日与晚安君
/playlist?id=8890309311,微醺美学：独享耳机里的浪漫旋律,19776,月亮藏不住的小情绪
/playlist?id=8878986128,『欧美&鼓点』爱于前奏 死于高潮,40188,施绮言
/playlist?id=4914616532,【jazz hiphop】浪漫与自由的共生,100万,伊奥尼亚之音
/playlist?id=466636631,『健身必备』有氧运动跑步歌单,389万,HUMAN00
/playlist?id=6755721491,欧美｜落日黄昏浪漫至死不渝,499万,PinkSway
/playlist?id=48494804,NBA全明星御用宣传单曲！,1282万,-kAlvin-
/playlist?id=8468512169,治愈欧美 | 我会等枯树生出芽开出新的花,88085,早起头发会炸毛
/playlist?id=2617871507,「欧美节奏控」超燃电音×性感人声×撩人节奏,797万,云村滑稽师魏声津
/playlist?id=8457386900,日落轻柔小众｜海浪与晚风叙旧,76172,CtrlUshift
/playlist?id=8804788641,马拉松歌单｜跑步音乐健身房超燃歌曲,22019,音乐歌单
/playlist?id=7718383682,欧美轻快：繁忙都市人的放松时刻,15万,CtrlUshift
/playlist?id=8623455972,Winter | 属于冬天的静谧感,11万,-孤岛与海_
/playlist?id=8554303457,欧美民谣：慵懒舒适 静听喧嚣后的乡村宁静,7768,-孤岛与海_
/playlist?id=2934993622,盆栽/比伯/断眉/萌德/烟鬼/梦龙/酷玩,20万,Mitchellik
/playlist?id=8451527808,欧美 | 盛夏清风，静抚山茶,93795,CtrlUshift
/playlist?id=8785438519,生活美学｜惬意下午茶，慵懒好时光,8289,夏日与晚安君
/playlist?id=6845093022,后朋复兴丨千禧年后英国音乐场景的生猛重拳,18万,陈北及
/playlist?id=6840394705,【精选合集】必听的欧美「超燃踩点」神曲,75万,梅赛德斯XS
/playlist?id=134506425,适合商场购物中心的音乐：英文歌曲,158万,蜡笔阿童木
/playlist?id=6962582540,【私藏歌单】巨巨有感觉的英文歌！超酥！,31万,佛系音乐藏家
/playlist?id=8451903791,「欧美」跌进充满梦幻般的意境,80709,CtrlUshift
/playlist?id=8457348050,英文小调 · 沉浸在克莱因蓝的浪漫中,98134,CtrlUshift
/playlist?id=6724722210,微醺氛围感 | 暧昧高级的气氛音乐,181万,弄潮儿电台
/playlist?id=4952106797,【说唱神曲】带你感受顶级rapper的狂轰滥炸,86万,AkiraWands
/playlist?id=2220081292,安静细腻的欧美小调，献给失眠的你,1402万,SuperMan-LEE
/playlist?id=6798491388,欧洲流行｜聆听欧洲前沿的时尚节奏,187万,ZaraLarsson_China
/playlist?id=6835124022,节奏Rap｜运动一夏 健身必备,89万,这条平凡的狗_QwQ
/playlist?id=6645909061,夏夜晚风•氛围感小调,47万,人间美好收藏家
/playlist?id=2786175968,欧美精选：动感节奏，治瘾旋律,8226万,小攀哟
/playlist?id=120773144,【磨耳朵英文儿歌推荐】宝宝英语启蒙必备,1124万,--苏麻离青--
/playlist?id=8794761895,跑步英文歌｜音乐超燃歌曲180步频跑步歌单,15万,音乐歌单
/playlist?id=2498723337,致命色気【全程高无正经】病娇/燃/踩点/猸,171万,小满巷树
/playlist?id=2656845942,三分高冷 七分性感 穿过耳膜亲吻你,560万,Anjunadeep
/playlist?id=8744331664,小众R&B|欧美说唱/R&B/另类,12038,KINGVA8122
/playlist?id=7389007920,那些超燃超带感的英文歌【精选合集完结篇】,10万,梅赛德斯XS
/playlist?id=4988408702,慵懒风英文歌｜ 适合思考 午睡 休息时听,125万,哩黎里沥
/playlist?id=7435967437,欧美男声|致命嗓音坠入他的深情陷阱,10444,Lucifermello
/playlist?id=7488984978,暖阳微醺｜所幸世上有光总会相遇的,99万,月亮藏不住的小情绪
/playlist?id=7572219969,「R&B入耳即醉2.0」放松心情 缓解焦虑,76万,RyanZ阿郑
/playlist?id=8963766015,旋律之韵｜总有一首英文歌让你单曲循环,10927,江里鲤
/playlist?id=2673436839, 山高路远 看世界 也找自己,116万,我从来不后悔
/playlist?id=6968174686,慵懒小众｜神曲级别迷幻吟唱,868万,花信空
/playlist?id=8172087398,轻快节奏｜理想的生活需要热爱和心动,131万,谨慎的勇士
/playlist?id=8468522015,欧美治愈 | 晚风吹了又吹 美好归了又归,86598,早起头发会炸毛
/playlist?id=8928563610,冬日系歌单丨心有暖阳，何惧寒夜漫长。,842,-孤岛与海_
/playlist?id=2798921885,R&B·沉浸在克莱因蓝的浪漫中,84万,干饭小天才丶
/playlist?id=6849697306,体育生训练BGM（肾上腺素飙升）,716万,明天体验卡
/playlist?id=8692620666,To the end of the world：找寻梦的出口,29万,-孤岛与海_
/playlist?id=7463260023,欧美|多巴胺分子出街必备氛围曲,42万,施绮言
/playlist?id=7687464653,欧美小众：一段恬静且美好的时光,38199,小小小的可爱呀
/playlist?id=5383741932,❉圣诞颂❉点缀与温暖圣诞节的歌曲☃,15万,kemomi
/playlist?id=5277173612,『游戏』高燃律动 | 带动全场,274万,枫叶荻花苑
/playlist?id=5476567896,The Eras Tour 时代之旅 霉霉 Taylor 巡演,39万,一笔画青山
/playlist?id=5227485062,肾上腺素飙升 开车必听扣分曲,68万,阿归君
/playlist?id=7791675846,欧美流行｜戴上耳机开启心动模式,570万,_枫叶做的风铃
/playlist?id=6954660951,「欧美」情遇英式小酒馆的浪漫✨,1285万,-沐安_
/playlist?id=7532788278,[HipHop] 逃离束缚享受自由,30万,干饭小天才丶
/playlist?id=7001347483,【欧美】按Enter，一键变成拽姐,490万,以撒胎衣忏悔
/playlist?id=7088323037,圣诞限定•小众氛围歌,34万,人间美好收藏家
/playlist?id=8946063934,浪漫圣诞氛围 | 被惊喜和温暖紧紧包围,150万,云音乐歌单之友
/playlist?id=6676073640,夜色微醺氛围高级感,227万,zxwbb_
/playlist?id=8714261852,慵懒温馨｜细腻的美好，藏在生活各处,38605,MAOYOUGG
/playlist?id=2619001700,不好听我把头砍下来英文歌单,171万,眼泪是情绪的结晶
/playlist?id=8299814773,“氛围 浪漫 精选”R&B/soul,32489,XXXTENHONG
/playlist?id=8003185978,「欧美solo男声」绝美旋律，一秒沦陷,15万,卖黑椒买黑胶
/playlist?id=8185698593,欧美超燃｜自由 氛围 运动,50万,LXIANG_梨
/playlist?id=5469734216,治愈系｜愿你所得皆所期 所求皆所愿,143万,有趣-最重要
/playlist?id=8727720987,浪漫高级感：微醺小调 温柔沦陷,7348,凌晨一点的莱茵猫
/playlist?id=167966646,『New RnB』最新R&B味道，也许你都没有听过,382万,VEEZiE_TNSRNB
/playlist?id=7536827188,Chill Time丨夜晚舒压 臻享都市慢时光,27万,丨IIIIIIIIII丨
/playlist?id=2503601617,R&B｜Trap 在你的生命里加点颜色,222万,奇怪少女7
/playlist?id=8802668066,涩气向 | 深夜卧室里的氛围感,23万,私享电台
/playlist?id=8885425724,咖啡店循环一整天的氛围感歌单,60,北方易先生
/playlist?id=8153258368,节奏控 | 你的crush降临了吗,122万,渐无言语
/playlist?id=8742200748,氛围感 慵懒 | 把温柔与浪漫藏在晚安里,41952,MAOYOUGG
/playlist?id=8890128006,浪漫R&B:缱绻暧昧感 像耳畔温柔喃喃的情人,42,凌晨一点的莱茵猫
/playlist?id=7503504315,周一|电量已充满，打工人已上线！,50万,肉肉的作业君
/playlist?id=8945244653,旋律R&B / NeoSoul 60's微醺加点浪漫的味道,11835,_Ltz_
/playlist?id=7057701098,爵士R&B性感极致歌单,64882,邓欧m
/playlist?id=889960888,「欧美流行」那些你想找又找不到的歌曲,6596万,G00d9T
/playlist?id=8875749671,英文流行周末就用它磨耳朵,8243,chelife
/playlist?id=928250949,阿卡姆疯人院模范医患 · 小丑夫妇,77万,城门城门鸡蛋糕三十六把刀
/playlist?id=7408854238,魔力欧美：节奏超强 秒变开心,11万,隼靖川
/playlist?id=8451907541,数字脉冲 | 律动节拍颠覆听觉,92799,CtrlUshift
/playlist?id=7026708053,化妆♫洗澡｜随机播放playlist▶,558万,秋chill的首席推歌官
/playlist?id=8873359871,2023公告牌音乐奖BBMAs获奖名单,31万,Ari非官方指定美黑师
/playlist?id=2813982533,适合夜晚和小酒馆的抒情英文歌。,275万,liesome
/playlist?id=958306801,跑步歌单丨亲测越跑越爽那种,1005万,葫芦岛李相赫
/playlist?id=770438633,欧美流行歌曲[R＆B/旋律]节奏控,119万,胶片来信
/playlist?id=3051902998,高档服装店背景带感音乐,41万,Reet_PTEA
/playlist?id=6842263243,Trap Rap ｜ 懒惰迷幻的宝藏说唱,495万,这条平凡的狗_QwQ
/playlist?id=496754355,酥骨特辑｜献给体内跃动的荷尔蒙,462万,鹿九月
/playlist?id=7718592131,欧美小众｜氤氲晚风，微醺小调,37581,CtrlUshift
/playlist?id=7037275,欧美圣诞节金曲,956万,ceth
/playlist?id=8792793606,运动时听的高能量嘻哈歌曲,7831,Mkuag
/playlist?id=3126199630,慵懒撩人爵士性感背景音乐,20万,NJ缺欢
/playlist?id=7609316664,就你小子听phonk助眠是吧,198万,那说好下次见
/playlist?id=615014715,节奏感超强の跑步歌曲库,706万,--苏麻离青--
/playlist?id=130331313,篮球名人堂御用单曲｜科神一路走好,1226万,YouTube热门日推
/playlist?id=8821460635,微醺浪漫 暧昧氛围 | sexy二人世界,3665,Allen立青
/playlist?id=2819112456,冲击大重量专用,209万,LKrising
/playlist?id=6620086396,很chill的R&B歌单 节奏布鲁斯 欧美,1440万,alwaysbeROMANTIC
/playlist?id=8835922262,R&B圣诞节 | 传统与流行的浪漫融合,56万,弄潮儿电台
/playlist?id=8457311169,Chill｜耳机才是止痛药,88470,CtrlUshift
/playlist?id=8806818425,欧美治愈｜你是我关了灯才能拥有的梦,7424,晚晚会想念你
/playlist?id=5142863916,加州1号店 ｜ 梅子如天上月甜涩,196万,休眠火山c
/playlist?id=7718715925,甜酷欧美：飒爽而神秘是高傲面纱,13万,CtrlUshift
/playlist?id=7769980227,【涩涩/微醺】整点上头氛围感,144万,小陌有点Mourning
/playlist?id=7660306500,欧美粉必备|全部听过都算真爱,80360,这个昵称超酷der
/playlist?id=8298121677,【Phonk硬曲】飙升肾上腺素飙车必备合集,113万,奋力爬上山巅的山羊
/playlist?id=2121880263,微醺R&B：微醺氛围与你浪漫共振,43831,爱在杰伦的歌词里
/playlist?id=8259037545,『情侣办事专用』狂热 陶醉 微醺 情调,110万,不然你去搬火星啊
/playlist?id=709889148,打游戏bgm 丨 什么运营节奏，我只想gank,1609万,元量空处
/playlist?id=4874886418,无前奏系列 | 心动挑战，耳朵喜欢好音乐,699万,olly的牙缝
/playlist?id=8479068492,天空一无所有 摇滚给我安慰,13万,CtrlUshift
/playlist?id=6731584505,小众｜安静温柔的英文歌,27142,阿绮不是花_Q
/playlist?id=7392935677,悲伤情绪店•承受心天季候，度过无你的四时,165万,鼠一属二
/playlist?id=8178459043,抒情欧美｜自由治愈是它的代名词,10268,花枝椿野-
/playlist?id=6910403006,非典型节奏布鲁斯,35万,Colloportus
/playlist?id=8401688368,欧美/致命节奏/超燃/鸡血,29万,独行
/playlist?id=2861760098,【Billboard】在榜50周以上的单曲合集,531万,MusicalTimes
/playlist?id=399875692,『声线控』首首让人欲罢不能的欧美女声,196万,SuperMan-LEE
/playlist?id=7227827581,【疯批文学系列】怪诞另类色気美学,126万,寒夜寻火
/playlist?id=8457591136,欧美小调：暖阳晴空萦绕无限温柔,10万,CtrlUshift
/playlist?id=8848881377,孤独泛滥成海 沉溺在深海之中与寂寞为舞,7323,月亮藏不住的小情绪
/playlist?id=8469072836,欧美民谣：仙域幻梦的冷淡美学,93066,CtrlUshift
/playlist?id=8899315909,Chill R&B｜拒绝躺平，开启专注模式,22779,-曼切斯特的小橘猫
/playlist?id=2970574527,适合做手书的英文歌（剧情向）,70978,安行疾斗
/playlist?id=8791223975,浪漫极致｜暧昧与缠绵 氤氲拉丝 涩涩最佳,150,凌晨一点的莱茵猫
/playlist?id=2236335577,欧美老派情调┃一个人也可以幸福的安静听歌,205万,阡陌隐兮
/playlist?id=4898200899,英文治愈ing写作业学习歌单,23万,呱唧一下就摔倒了
/playlist?id=8857874134,小众歌曲：另类温柔 慵懒轻吟 松弛时刻,292,凌晨一点的莱茵猫
/playlist?id=8470290425,欧美旋律｜梦幻、甜蜜、荡漾氛围的爱,73358,小翅膀的羽毛
/playlist?id=9047184009,是infp的小蝴蝶 极致拉扯的暧昧氛围♪,254,凌晨一点的莱茵猫
/playlist?id=8811017000,Taylor Swift霉霉时代巡演大电影歌单！,47万,Eliaukoay13ooooooo
/playlist?id=1999794256,那些好听到炸裂的火热英语歌曲,23万,不爱说话的蔡宝
/playlist?id=8270047050,『小众歌曲』浪漫 纯爱 温柔 舒缓,15577,不然你去搬火星啊
/playlist?id=717833994,100%醇正R&B | 尽享丝滑时刻,75万,弄潮儿电台
/playlist?id=8844435620,小众治愈｜拥抱生活 给疲惫的自己解解乏,1040,凌晨一点的莱茵猫
/playlist?id=8920445694,小众英文：午后慵懒阳光的温柔,2178,一路向南家的方向
/playlist?id=8468879439,欧美 | 无论何时我的怀里都会抱着你,89974,小翅膀的羽毛
/playlist?id=8156864660,欧美流行｜戴上耳机开启自愈模式,199万,_枫叶做的风铃
/playlist?id=6635329054,保持好的心态｜每一天都是幸运的,129万,Listento丶music
/playlist?id=8470344343,想和你一起微醺曖昧 ｜沦陷于欧美旋律,68665,小翅膀的羽毛
/playlist?id=3095295608,比伯 霉霉 黄老板 戳爷 蕾哈娜 魔力红酷玩,445万,探青楼
/playlist?id=7357163083,它们让你爱上英伦摇滚,41536,音乐字典MusicDictionary
/playlist?id=8451527803,浪潮美学 | 梦幻霓虹，日落大道,80515,CtrlUshift
/playlist?id=8837458240,复古浪潮 | 百听不厌的欧美浪漫小调,1304,鮭魚先森
/playlist?id=2951298706,压迫感电音|全场真空氧气泵式低音,117万,SivBi-Music
/playlist?id=3225190280,[致命节奏感]不用担心 我是最强的.,967万,电子之家
/playlist?id=6633693979,节奏自由感｜这世界勇敢者先行,74345,酥山有绿
/playlist?id=2228795231,【旋律控】那些让你一秒沦陷的欧美精选,2709万,HUMAN00
/playlist?id=2825552570,刷题|节奏轻快旋律惊艳的欧美歌单!!,662万,周二下午八点
/playlist?id=2888076504,前奏秒杀一切好听到炸裂的英文歌,586万,弄影到三山
/playlist?id=7719988135,激爽电子丨鼓点节奏极致电子“美”学,27万,CtrlUshift
/playlist?id=5032026292,小众歌单｜治愈温柔英文歌曲 ♬ ,621万,-孤岛与海_
/playlist?id=2657555704,车载爆胎｜掀翻你的车盖DJ神曲,266万,EA7电子师师
/playlist?id=505651201,Deep House丨沉醉于梦境般的迷幻律动,634万,避难所Shelter
/playlist?id=6949909481,节奏律动丨享受华丽-50s后炸裂,13万,泛泛之辈1021
/playlist?id=8293043837,【节奏控】独辟蹊径，勇攀高峰,60754,踏惜
/playlist?id=2865562039,熬夜打游戏必备buff，建议随机播放,308万,不完整的k
/playlist?id=4861736970,欧美流行歌曲的天花板了吧,672万,yxich01
/playlist?id=2508120356,【这才是氮泵】卧推！深蹲！硬拉！突破极限,178万,baibaibiubiu
/playlist?id=8866576402,活力 嗨皮 快乐小狗੯‧̀͡⬮感觉空气在跳舞,21838,王拉贝
/playlist?id=8468712718,欧美民谣小调：再次相遇记得给我买一束花,91772,CtrlUshift
/playlist?id=8822459812,欧美男声｜一听倾心的治愈嗓音,14287,_枫叶做的风铃
/playlist?id=8000035494,【欧美】轻松欢快||英文小甜歌,10486,柠笙a
/playlist?id=777978518,「两百首节奏向的英文男声」,1009万,后来就起风了
/playlist?id=8848167136,一秒沦陷｜极致唯美氛围 陷落温柔海底,254,凌晨一点的莱茵猫
/playlist?id=7408762985,【❤偏小众】节奏感英文歌‖欢快yeah,404万,可以不紧张_
/playlist?id=8178111289,慵懒R&B/让这个世界多些温柔,29万,MAOYOUGG
/playlist?id=3081785422,床上的那些氛围感€̈,474万,JeanaChong
/playlist?id=3228267859,温柔晚安曲 | 我想在梦里飞向宇宙的另一边,1124万,后原
/playlist?id=6948039584,微醺｜R&B 慵懒 浪漫氛围感,1861万,-孤岛与海_
/playlist?id=575224061,♚西海岸2Pac～♛东海岸biggie王者永存,151万,ELSCARFL
/playlist?id=7378350432,mbti【ENTP方向】疯批踹门歌单,47万,君弋Trancy
/playlist?id=2871863641,睡眠治愈曲 | 慵懒撩人，聆听入境,787万,后原
/playlist?id=3042446515,极致幻境｜坠入浪漫宇宙的低沉旋律,104万,Bzstrive
/playlist?id=8786566627,健身房超燃歌单有氧运动力量训练必备音乐,5345,音乐歌单
/playlist?id=768352357,深情密码 | 醉入沧桑男嗓的岁月与沉浮,211万,KillBunny
/playlist?id=5389381525,星空电子「极致电音」逃离梦境的宇航员,95万,PeterMckinnon
/playlist?id=8451912703,宝藏英文 | 日升月落彷徨可终,87033,CtrlUshift
/playlist?id=3102431204,打游戏必备歌曲 | 超燃,1913万,狂拽瘸子那条好腿H
/playlist?id=3208712406,运动歌单（锻炼自律）,11万,Tame_scay
/playlist?id=6839766488,『苏翊鸣滑雪宝藏歌单』,61万,芋芋芝士奶盖
/playlist?id=8890545370,爵士の慵懒｜适合咖啡厅听的氛围小调,1090,凌晨一点的莱茵猫
/playlist?id=8745126296,失落孤岛 品味尘世孤独与寂静为伴,47622,关于遗憾的故事
/playlist?id=2390539027,【欧美】那些让耳朵怀孕的英文歌曲～,5274万,Mysterious-Box
/playlist?id=8194669846,慵懒惬意｜自由散漫的午后chill时刻,17050,谨慎的勇士
/playlist?id=4870565549,民谣小调｜纵享休闲时刻的惬意,539万,Rhaast
/playlist?id=7718379669,欧美慵懒：去散步看日落承载晚风,36万,CtrlUshift
/playlist?id=5481314588,【欧美】挚爱·初始你名，久居我心,127万,-FUSU-
/playlist?id=2972056119,开一间小店，贩卖美好,156万,张颜齐天大圣啊
/playlist?id=2585071675,舒缓适合独处的英文歌,231万,九九有自己的狗狗了嘛
/playlist?id=5190656253,电音教主AlanWalker2023中国巡演曲目歌单,43014,LimitWalker
/playlist?id=8903896618,☃圣诞音乐盒♪浪漫营造机 Merry Christmas,1409,凌晨一点的莱茵猫
/playlist?id=8156192502,欧美小众｜一秒沦陷的心动旋律,90万,谨慎的勇士
/playlist?id=2679916677,『Melodic Rap』 | 令人沉醉的旋律说唱 |,570万,HsiungTheKid
/playlist?id=379133594,欧美经典丨总有一首歌直击你心,3593万,艾琳艾德勒丶
/playlist?id=5377792761,开心能量棒 | 点亮心情的冷门宝藏,165万,弄潮儿电台
/playlist?id=5056633377,欢快小调 | 用26℃的诗来赶走忧郁,262万,凉城里外
/playlist?id=7455388226,卧室音乐丨一个人时的闲暇氛围感,165万,Bzstrive
/playlist?id=8457388906,声色撩人丨一见倾心 迷醉旋律摄入100%,75567,CtrlUshift
/playlist?id=8788959128,小众英文｜世间所有温柔涌向你,19652,杨大叔呢
/playlist?id=4930606612,万有或虚无｜浪漫主义式的追寻,642万,为实现中华民族伟大复兴而听歌
/playlist?id=6973206651,『欧美』微醺气氛/迷幻/旖旎/性与愛共纏綿,396万,phenakism
/playlist?id=5474316010,『英文小调』你是我疲惫生活里的希望与糖,456万,陈笑一Joylyn
/playlist?id=2141371007,一听到就想跳舞的hiphop音乐（持续更新）,163万,爱丽狮在云村
/playlist?id=8746441327,秋日午后 | 舒适惬意•温良的秋风吹过,10036,-孤岛与海_
/playlist?id=7623827624,微醺温柔/R&B旋律的浪漫,179万,MAOYOUGG
/playlist?id=2445945181,"我永远屈服于温柔，你是温柔本身",1032万,杉茶先生
/playlist?id=130005178,欧美流行｜洗澡.跑步.运动.旅途,343万,CRAJZY_
/playlist?id=8810284739,自愈电子☁思绪摇曳，告别焦虑,13413,Martin网易云Carlos
/playlist?id=4976089115,ღ很嗨很燃的英文歌Remix版‖高速开车蹦迪DJ,717万,沐玢儿
/playlist?id=8451554754,律动节拍 | 跳动在电音韵律中,20万,CtrlUshift
/playlist?id=7417914721,DOiS 微醺性感情调 | 氛围感拉满,698万,Bruce梁博
/playlist?id=7725696145,辣妹必入:糟糕！已经开始辣了,617万,_笨蛋小z
/playlist?id=2011369036,欧美风 | 电子音乐与空灵女声的化学反应,502万,lNTENSITY
/playlist?id=7079126547,想和你一起微醺曖昧 ｜沦陷于此,362万,怡爆炸
/playlist?id=4887680701,当电子音乐遇上惊艳女声,57万,祖安區常任理事
/playlist?id=8802788145,欧美｜轻快鼓点R&B 心随跳动旋律共振,114,凌晨一点的莱茵猫
/playlist?id=5447747002,游戏节奏【秀操作必备BGM】,196万,jay_TizzyT
/playlist?id=2829442589,Taylor Swift |流行乐坛的闪耀时刻,80万,棕鹿与独角兽
/playlist?id=8036943664,独居微醺｜夜幕降临 自我迷醉,79万,銀-河-樹-洞
/playlist?id=8822883472,前奏沦陷｜心动从零分零秒开始,1619,_枫叶做的风铃
/playlist?id=8784687721,另类R&B：回响梦核花园中的灵魂节奏,1956,老威廉的米奇
/playlist?id=478761222,仙女化妆/洗澡/敷面膜歌单 卡点 节奏,770万,浪漫土土
/playlist?id=5287079581,NINJA上海小众HipHop私密歌单,69万,SpinninK
/playlist?id=2856131956,英文歌|干净舒适温柔治愈系,1993万,-倦猫_
/playlist?id=2875178038,空灵女声 | 虚无缥缈 灵魂深处的孤独,162万,后原
/playlist?id=8843051670,小众治愈｜舒缓 轻柔 平静 治愈氛围感,847,凌晨一点的莱茵猫
/playlist?id=6644781537,自信元气站 | 新一天的正能量补给,165万,弄潮儿电台
/playlist?id=2770619504,感觉会在纽约街头潮店听见的高级英文歌,494万,小熊一天吃两罐蜂蜜
/playlist?id=2205197479,【节奏控】圣罗兰之花永不凋零,393万,Fpiscesy
/playlist?id=4875819030,经典R&B|沉醉温暖的黑人音乐,19万,HHoVeNN
/playlist?id=7592615906,周末限定 | 愉快的周末即将开启,14062,Dream_d7
/playlist?id=583133016,【COCO CHANEL】香奈儿广告音乐,35万,ASBMCL
/playlist?id=3217603871,绝对熟悉的英文歌单 前奏跪,210万,糯米奶糖糖
/playlist?id=7026393081,【温柔治愈英文歌曲】轻缓小众欧美歌单,398万,菜菜白白c
/playlist?id=1982896912,慵懒『下午茶』的漫时光英文歌曲,16966,Vinson小毛睿
/playlist?id=824887048,FUNK 一起在律动中摇摆身体,16万,Pierce_ZT
/playlist?id=8470017048,氛围节奏｜午夜卧室律动 龙舌兰香味,69521,早起头发会炸毛
/playlist?id=435051246,夜 間 飛 行丨氛围音乐 & 迷幻电子,34万,Pericles_X
/playlist?id=306859189,『车载』拒绝7妹虞姬精神氮泵,1509万,GalaxyPro
/playlist?id=549368187,欧美嘻哈＆【篮球节奏控】,797万,毒克文
/playlist?id=2741748646,"Soul & jazz"灵魂与爵士摩擦,48万,月下抚琴剑作歌
/playlist?id=7381838180,落日兜风 | 追寻一场浪漫邂逅的旅行,44万,布洛芬解药
/playlist?id=2139062253,欧美R&B | 陷入节奏里，让音符从耳朵穿透,17万,再见_2小姐
/playlist?id=396532082,༄没有烂大街却十分好听的欧美歌,940万,HeartBreaKid
/playlist?id=2447909095,什么啊？这么好听！？,425万,听完这首歌早点睡L
/playlist?id=2917207940,赖床专用| 欧美 | 慵懒向,183万,花aaa生米
/playlist?id=433008347,寻一处僻静角落听大叔弹唱,820万,佐为的小迷妹
/playlist?id=8619977255,健身房歌单 超燃硬核炸裂 撸铁有氧力量运动,30326,__Heisenberg丨
/playlist?id=8927872313,Refreshing清晨｜起床必听的清爽英文小调,74,凌晨一点的莱茵猫
/playlist?id=8893913838,欧美小众の惊艳 好听又治愈的温柔男嗓音,73,凌晨一点的莱茵猫
/playlist?id=8712099193,keshi 中国演唱会广州站/上海站/成都站歌单,11万,keshiDaily
/playlist?id=8123602679,enjoyment《祝你有个愉快的夜晚,12万,realzw_
/playlist?id=2829137850,Vol . 51 「不 全 是 旋 律 说 唱」,651万,FlyingClub
/playlist?id=5363172472,很温柔吧 | 一秒沦陷的小众沉溺嗓音,995万,布洛芬解药
/playlist?id=8893889808,欧美流行の惊艳男友嗓 温柔治愈专辑,22,凌晨一点的莱茵猫
/playlist?id=4948060192,R&B/绝美迷醉旋律/Trapsoulr&b ,535万,Vanessa-001
/playlist?id=4930727991,「英文冬季」温暖舒服的睡前音乐 zZZ,19314,睡糖食梦
/playlist?id=7708525447,R&B｜节奏布鲁斯 随性的精灵,21万,蛋壳Maxd
/playlist?id=2523761864,希望你的可爱，可以治愈一切烦恼,1785万,mayuko然
/playlist?id=2237048282,【万评电音】抬头，已是一片星海,2452万,谐星七十六号
/playlist?id=7427438175,欧美合集 | 那些好听上瘾的宝藏嗓音,75万,布洛芬解药
/playlist?id=8891913236,音乐传记 | 保罗·麦卡特尼：歌抒人生,170,鮭魚先森
/playlist?id=6910259907,R&B系列 | 『涩气微醺夜的暧昧陷阱』,52351,张张猫猫祟祟
/playlist?id=4863675635,超燃欧美卡点音乐,473万,赵柏赫PC
/playlist?id=6651291251,英文 特异独行 小众且宝藏,54万,STBS_
/playlist?id=6981551845,『R&B』｜氛围感/ 慵懒/ 微醺,430万,奇龙耶夫
/playlist?id=2711045225,欧美EDM/melody rap/旋律说唱/b榜热单,152万,_s7even
/playlist?id=8793238065,夜行蓝调 | 穿过夜色，感受都市的节奏,1792,骑车去芬兰玩
/playlist?id=8793238054,放松音乐串烧 | 在浴室中找到内心的安宁,1787,小小小的可爱呀
/playlist?id=7357187450,蓝调•爵士 | 舒缓中透露着自由慵懒的舒适,14万,xiv以暖兮
/playlist?id=8901786691,欧美小甜歌｜心动の可爱甜美氛围曲,137,凌晨一点的莱茵猫
/playlist?id=814812699,欧美 | 前奏跪 × 开口脆,12804万,迟到情书
/playlist?id=25201357,大师们牛逼轰轰的Swing Jazz,1008万,雰川水也
/playlist?id=6786179685,氛围特调｜迷雾缭绕中带着欲望的呼吸,344万,Evelauren
/playlist?id=2660676614,美女ᴍᴀᴋᴇᴜᴘ｜面膜｜洗澡洗脸｜歌单,980万,-crystall-
/playlist?id=8793237977,节奏布鲁斯 | 享受城市街头的音乐灵魂,1762,萌萌比卡丘呐
/playlist?id=104506733,「浓情布鲁斯」老男人的沧桑性感 ₃,209万,Songtaste_花
/playlist?id=8115611883,台球厅背景音乐（定期更新）,9003,沉睡的赤壁
/playlist?id=2695262425,Billboard | 公告牌在榜一周年及以上的歌曲,101万,不爱阿菲的我不爱
/playlist?id=2902398429,『极致电音』洗脑的节奏，掌控情绪的旋律,121万,是一只曼巴呢
/playlist?id=2563129012,French House｜秀场.品牌店的时尚高级感,39352,unXique
/playlist?id=7802604471,逆风即黑化☢翻盘节奏，猎杀时刻！,86万,Martin网易云Carlos
/playlist?id=5438690263,请随机播放，切歌算你赢,198万,流泪的冰_
/playlist?id=2225021793,车载必备/EA7硬曲/打燃/嗨曲最新上线,519万,RadioRecords
/playlist?id=7501031228,打工人|谋生的路上，热爱着生活,32954,小翅膀的羽毛
/playlist?id=8735827055,戴上耳机 | 享受一个专属于自己的欧美世界,16万,一人众天WQ莣情
/playlist?id=2682013953,霉霉/打雷/日日/艾薇儿/阿黛尔/水果姐,10850,Mitchellik
/playlist?id=8810063225,励志之旅｜不要总被羁绊束缚,371,长书空空
/playlist?id=7572984766,车载爆胎｜掀翻你的车盖DJ神曲,110万,HJRadio
/playlist?id=2771125155,盛夏荷尔蒙 | 通勤路上的心动旋律,822万,弄潮儿电台
/playlist?id=2825012255,行走于艺术与时尚之间微妙界线,32万,Anjunadeep
/playlist?id=7748989954,旋律陷阱′带旋律的trap有多上头,162万,DracoMakeIt
/playlist?id=4992963075,R&B·SOUL夜晚微醺缠绵氛围,113万,FFFMans
/playlist?id=2547454515,女alpha专用歌单|论如何成为渣女,162万,当我玩狼人杀才发现没朋友
/playlist?id=537367797,拽姐辣妹必备性感做个酷girl♥,1082万,kkkbaby_
/playlist?id=8759051000,夹带神仙hook的魅力说唱,31817,_Sisson
/playlist?id=8933012855,嘻哈潮弄： 都市青年的快言快语,11,不二叔爱听歌
/playlist?id=6724754600,欧美说唱丨肺活量爆棚的Rapper让你耳膜一亮,150万,AAAAAAAAAAAAAAAAAATaoMinglei
/playlist?id=911370117,目前为止最棒的英文男声,252万,风雨江南阁
/playlist?id=2634203521,迷死人的前奏 百听不厌的前十秒,1266万,螚安Vivienne
/playlist?id=8842671995,ESFP｜反emo主义的表演系星人,12124,施绮言
/playlist?id=5460474946,【旅行必备BGM】随身的行囊，装些快乐,171万,saintlu
/playlist?id=124923559,【百年经典】欧美时光穿梭机,309万,ModernTony
/playlist?id=6837106742,卧室音乐|难得周末 把生活调成自己喜欢频道,228万,AkashiAshes
/playlist?id=3214283166,神婆巫女狂欢派对 | 大型做法现场,55784,漂泊者珀耳塞福涅
/playlist?id=8468208979,【燃系励志】鼓起勇气去看未曾见过的风景,82302,小翅膀的羽毛
/playlist?id=6960249538,Alternative R&B | 慵懒与优雅的碰撞,163万,LoveYouForAges
/playlist?id=2078306916,【欧美英文】旋律 节奏This is true music,292万,蛋炒饭我只用miku的葱
/playlist?id=8793237918,洗澡专用BGM | 让你的沐浴变成一场音乐狂欢,3866,小小小的可爱呀
/playlist?id=6809385692,随机播放 切歌算我输,352万,twenty-seven_vutD
/playlist?id=2246938067,将清新人声完美融入的优质电音盘点,1843万,泽芥末
/playlist?id=383630156,点进来记得开随机播放:),854万,VITESSE552
/playlist?id=8922453979,英文治愈系歌单｜愿日子清透且干净,16937,九月长安GM
/playlist?id=557266433,英文 舒服女声开口醉,3262万,扥你
/playlist?id=8722924322,情绪避难所：把自己流放到世界某个角落,31927,-孤岛与海_
/playlist?id=7532104009,型男辣妹都在听什么？,86万,k妹妹妹妹
/playlist?id=4973646434,静享时光|午后阳光下的慵懒欢快小调,481万,后原
/playlist?id=8255183524,氛围R&B｜氤氳水汽 ％。谁能拒绝耳畔的温柔,126万,独家记忆图文馆
/playlist?id=8277669203,氛围感·浪漫/与你一起的日子都很美好温柔,32万,MAOYOUGG
/playlist?id=2067228088,法式浪漫|阳光下的惬意午后,245万,MissFeiiii
/playlist?id=692254353,国外超级swag的说唱音乐 trap boombap,559万,拒分
/playlist?id=8566908795,微醺R&B/夕阳余晖，和你坐享黄昏,13万,MAOYOUGG
/playlist?id=8596810248,OneRepublic共和2024年1月中国演唱会歌单,20309,rukam酱
/playlist?id=8817526804,高能量|显化sub✧|吸引美好|肯定歌词,10389,i_luvm
/playlist?id=7539163569,欧美|微醺浪漫，你似晚霞渐晚渐浓,63080,小翅膀的羽毛
/playlist?id=810259022,【优雅贵妇放浪形骸】纸醉金迷的旧时代爱情,169万,老生不明所以
/playlist?id=8470023093,孤独诗人的慰籍 | 孤独又灿烂的情绪美学,80843,小翅膀的羽毛
/playlist?id=4960917360,西歌时尚&MOFAN,15万,生活如此依旧
/playlist?id=8793237612,欧美舒缓 | 用音乐收拾糟糕的心情,1178,圆嘟嘟小甜饼
/playlist?id=5476242077,打球/训练 美式歌单,73万,-Tymas
/playlist?id=4932385027,（节奏感强）健身跳绳运动跑步做家务做饭歌,44863,-oomph-
/playlist?id=8871859865,旋律R&B｜梦幻、甜蜜、荡漾氛围的爱,267,冉冉不偷懒
/playlist?id=5391313096,辣妹平时都在听什么？,1034万,qhuiya
/playlist?id=4925110543,那些经典又好听的英文歌曲,604万,湫乐兮
/playlist?id=889440661,「节奏控」那些热门电音 | 百大DJ神曲,181万,风住街i
/playlist?id=8936255245,别再问我什么是R&B，一单搞定,49,不二叔爱听歌
/playlist?id=689440333,【欧美经典】100首脍炙人口的英文歌曲精选,87万,江南僧侣
/playlist?id=8934139671,喜欢慵懒的R&B啦！让人陷在旋律里了！,46,总有一束光等着你
/playlist?id=8281724955,氛围暧昧 跟对象DOis歌单,30万,ikaso
/playlist?id=2093234916,『欧美』轻松欢快的小调 赶走不开心,15万,_cattYK
/playlist?id=6851371939,『欧美』暗黑/另类/剪辑/节奏感/超燃/踩点,108万,咸亨奶糖
/playlist?id=138641680,相貌与实力兼具 | 盘点90后电音小鲜肉,252万,welphenEDM
/playlist?id=8793237313,专属英文浪漫 | 热恋中的欧美情歌,2249,美伢酱子
/playlist?id=889163156,轻节奏｜高级salon背景音乐,62650,夜巴黎招待所
/playlist?id=2339908579,节奏感音乐【多语种音乐、纯音乐、R&B】,226万,金智媾
/playlist?id=6650079901,细腻听感丨跃入斑斓的节奏布鲁斯潜游,106万,你丢的月亮吗
/playlist?id=474764642,【Rap】[欧美说唱] [黑人说唱]说唱狠货 R&B,29万,slowlyLove3
/playlist?id=3043271687,孤独信仰｜耳机是最后的避难所,313万,-KooTo-
/playlist?id=92665440,入耳惊艳【15秒内短前奏英文歌曲】,70万,一阵天上风
/playlist?id=8470412133,「枕边旋律」星光携梦 伴你入眠,60338,早起头发会炸毛
/playlist?id=127589647,【 品牌店铺专用 ] T台背景音乐+歌曲,26786,马文威
/playlist?id=7048418788,疯批/病态/斯文败类/阴郁/偏执/全员恶人,267万,空格鸟
/playlist?id=8793237506,欧美情歌 | 英文里的浪漫与情愫,2052,小小小的可爱呀
/playlist?id=7687481634,元气欧美♪同频心动的仲夏呢喃,40610,小小小的可爱呀
/playlist?id=5335051744,短视频各样卡点/热血音乐-燃到极致！,215万,独rimuru
/playlist?id=8396493319,极致压迫感｜PHONK电子 高端局必备 巨燃,114万,凌晨一点的莱茵猫
/playlist?id=8697374670,小众氛围感：极致温柔 微醺小调 独众品味,10473,凌晨一点的莱茵猫
/playlist?id=6913803303,DREAM POP/R&B/INDIE 城市漫步,177万,是贝拉阿
/playlist?id=3223238662,硬曲｜顶级悍匪必备｜硬核车载Music,164万,GANGSTER-1996
/playlist?id=2176086447,le baron|精挑细选的轰趴氛围音乐,153万,Miss莫扎瓦
/playlist?id=7659052715,Future Bass✰恣意低音，潺暝滤波激流,31万,Martin网易云Carlos
/playlist?id=1994795851,精选迷幻包厢慢摇节奏,131万,温柔且器
/playlist?id=8726660907,『多亏还有音乐』丨深夜卧室里的氛围感,6181,Recklessboyz
/playlist?id=8483407554,「没有小众的音乐·只有迟到的听众」,34552,Sailesi
/playlist?id=8396489222,巅峰赛BGM｜Phonk 高端局必备 巨燃,158万,凌晨一点的莱茵猫
/playlist?id=2115404761,一秒上瘾的小众英文歌,286万,TOUGHCORN
/playlist?id=7412578499,橘色释压：微醺特调，内卷中的舒心剂,327万,迹部Michelle
/playlist?id=2782124001,适合高燃『踩点 混剪』视频的背景音乐,337万,梦芙
/playlist?id=6811447741,·小众安静高级|英语歌曲|放松治愈/高级,385万,啾一口的甜
/playlist?id=2327870520,让人心情愉悦的轻快英文歌,74万,竹子有话说
/playlist?id=2957957756,打雷姐| Lana Del Rey全单合集,64万,沈星辰co
/playlist?id=117476538,耳机控_节奏控_欧美女声,333万,十年丶一刻i
/playlist?id=8480308733,欧美情歌｜等蔷薇盛放，人间温柔亦浪漫。,65151,小翅膀的羽毛
/playlist?id=2105416246,别抖腿!『节奏感极强的电音』｜EDM&纯音乐,220万,阿婆的酸菜鱼
/playlist?id=916124839,打游戏超火的英文歌 巨燃战歌,1087万,不胜西瓜
/playlist?id=3099596401,《超燃》高燃踩点 混剪必备 背景音乐！！,85万,春风芙惠
/playlist?id=7331571882,满怀理想的现实主义少年,60146,照君临临临
/playlist?id=8793237570,舒缓放松 | 音乐抚慰心灵,603,骑车去芬兰玩
/playlist?id=5481107095,『欧美燃向』此刻唯有登峰造极｜fire up,198万,此刻点燃
/playlist?id=2651125599,「欧美女声」温柔且风情万种,798万,iambeiqing
/playlist?id=8807753431,跑步歌单英文10公里180步频超燃运动音乐歌,4131,音乐歌单
/playlist?id=8739075810,小众孤独感｜人生是旷野 是孤独感的荒凉,37945,凌晨一点的莱茵猫
/playlist?id=8817487225,欧美节奏 · 不费脑子费耳朵,30360,环球音乐国际部
/playlist?id=4866048204,【地平线4/5赛车游戏的听歌逛风景】,29万,HUANGZXG
/playlist?id=8468690993,「人海相拥」大人不说再见，只计划重逢,60981,小翅膀的羽毛
/playlist?id=6723317623,“一旦喜欢小众 你就注定孤独”,197万,后原
/playlist?id=482986333,顶级Trap丨戒不掉的说唱瘾,53万,S1nko
/playlist?id=8859767893,欧美小调°｜温柔干净 清新快乐小调,20083,施绮言
/playlist?id=8806405255,90年代欧美说唱 | 随节拍摇摆尽情舞,2052,小小小的可爱呀
/playlist?id=8921483521,R&B-欧美｜自 由 隨 風 浪 漫 永 存,38,凌晨一点的莱茵猫
/playlist?id=2879100443,欧美活力向 | 元气满满的一天从音乐中开始,656万,少年的半岛铁盒
/playlist?id=8803904610,情侣微醺ÐÖÌ暧昧歌单｜性感 抓耳 氛围感,3425,超Q弹的金金金
/playlist?id=8128262684,微醺氛围感R&B pop韵律小情歌 慵懒俏皮性感,86万,DarkAg34
/playlist?id=8468605610,万有或虚无｜浪漫主义式的追寻,75545,早起头发会炸毛
/playlist?id=6940116169,橘色心情｜驾车飞驰在黄昏下的日落大道,594万,Evelauren
/playlist?id=3207159013,Vocal Trance ‖ 大气震撼，美撼凡尘。,61万,零度光影乄
/playlist?id=8852152026,披头士乐队红蓝合辑 2023版,66938,网易云音乐
/playlist?id=5209344685,车载嗨曲 开车靠的是感觉、不是眼睛,257万,Muz-Music
/playlist?id=3207281164,嗨999+ 忍不住抖腿的欧美神曲 旋律控,1752万,販賣限定_
/playlist?id=2340173092,碧梨/猴西/戳爷/A妹/日日/萌德/打雷/烟鬼,8767万,______飏
/playlist?id=941470550,『欧美电子』把一切都抛到九霄云外,115万,Jemma_Shaw
/playlist?id=7636411529,英文说唱丨欧美腔调与丝滑Flow的化学反应,133万,芳心收集人
/playlist?id=8685697945,超高质量【Phonk】温柔派,16万,AlexeiWlahat
/playlist?id=8757155653,初冬生活｜浪漫翻涌成诗，邂逅美好冬日,5992,夏日与晚安君
/playlist?id=8166365255,这组合要炸‖欧美大牌歌手与实力DJ的邂逅！,9826,哈如甜茶
/playlist?id=6907243774,欧美合集┊好听到爆的温柔英文歌曲,44万,铁蛋_7FF4
/playlist?id=8794875316,跑步歌单运动超燃音乐歌曲健身氮泵锻炼必备,4055,音乐歌单
/playlist?id=6626242692,欧美轻松清晨∥用音乐和阳光迎接活力与热情,93万,该昵称不添加防腐剂
/playlist?id=7629044664,Chill R&B｜陷入耳机里的温柔旋律,221万,_枫叶做的风铃
/playlist?id=2069358991,毒性 | 霸气女王歌,575万,欢欢酱-
/playlist?id=2796853737,『欧美女声精选』百种嗓音♡百种特色,103万,LovelyWICK
/playlist?id=8256955820, 骑行 ｜ 路途风景，音乐伴行,79393,爱哼哼的终究
/playlist?id=709171115,犯困一听就清醒的欧美,832万,Lucilla_L
/playlist?id=8861109425,饥饿游戏前传：鸣鸟与蛇之歌 原声集,43485,汉斯也不寂寞
/playlist?id=2094091970,【R&B】慵懒的感觉非常舒服,4278万,猴里贵想吃麦当劳
/playlist?id=8912332894,旺卡 查理和巧克力工厂前传 原声集,82814,汉斯也不寂寞
/playlist?id=7788810335, DoiS｜微醺 | 氛围感 | 致幻,46万,Eileenxx
/playlist?id=932567924,欧美绝嗓丨堪称心率加速器，沉浸于节奏灵魂,135万,叶以寄北
/playlist?id=2469559434,【欧美风】碧梨/霉霉/戳爷/比伯/萌德/断眉,596万,温柔叉烧
/playlist?id=8758220175,冬日情书｜我会在雪地里给你写一封信,17865,夏日与晚安君
/playlist?id=8873961262,跑步歌单超燃音乐180步频踩点节奏控必备曲,4165,音乐歌单
/playlist?id=7604782507,车载DJ | 车内嗨翻天，车外响遍天,105万,车载音乐联盟
/playlist?id=4901099218,欧美HipHop当下流行RAP(建议随机播放）,98万,Dj-Badboy
/playlist?id=2536047148,Lana Del Rey｜换件珠衫她仍是旧时模样,53443,姗姗来迟的香女士
/playlist?id=171891606,冬日暖洋洋 | 最新圣诞节金曲全收录,39万,弄潮儿电台
/playlist?id=8845124219,☆梦幻 摇滚|朦胧的我和你 沉溺于海里,17320,不戆
/playlist?id=2373633536,谁还不想做个欧美拽姐了,81万,iamsuchacoolgirl
/playlist?id=7405817995,心动旋律丨虚幻荒诞下的另类浪漫,97万,丨IIIIIIIIII丨
/playlist?id=8247654050,英国爵士冷静氛围说唱R&B,45089,Mkuag
/playlist?id=7323359008,今晚选择听什么好呢,10万,Mkuag
/playlist?id=6628410185,节奏控 | 朦胧的欧美风§,14万,xxx--shiloh
/playlist?id=8806405205,10年代欧美摇滚 | 重塑经典的回忆,750,骑车去芬兰玩
/playlist?id=7687682504,欧美温柔｜爱如春风，拂动芳心,40155,小小小的可爱呀
/playlist?id=8793237599,沉浸音乐中 | 感受内心的宁静与美好,1233,圆嘟嘟小甜饼
/playlist?id=8711191777,Phonk✰ 實境扭曲 迷幻空靈,11万,星空
/playlist?id=4952648595,【歐美】Trap/旋律說唱（切歌算我輸）持更,355万,FsioruniQ
/playlist?id=8290493956,2022播放量最高欧美歌曲TOP100排行榜,11905,夨鰰kevl
/playlist?id=6849008938,小众好听英文歌｜宝藏音乐时光,335万,Headhunter-z
/playlist?id=2623057239,【节奏控】｜健身歌单,461万,STAGE-G
/playlist?id=510763347,YouTube播放量最快破10亿英文歌mv,4587万,冰糖炖雪梨Er
/playlist?id=8942965018,洗澡必听R&B：浴室节奏氛围感 『欧美』,7042,白鱼暮归
/playlist?id=7032984188, 陷 阱 说 唱 ｜Trap｜陷 入 佳 境,31万,原治先生
/playlist?id=8233539401,【欧美R&B】节奏&灵魂布鲁斯精选,10万,Yoovi_
/playlist?id=102922518,全球历史上销量最高的100首单曲,1001万,下一颗巧克力
/playlist?id=763959656,宁静酒馆（清吧音乐、小众情调）,19万,小五404版
/playlist?id=8468837465,Indie'| 浮 躁 世 界 的 解 ,74519,CtrlUshift
/playlist?id=958813076,英文歌 | 爱意东升西落 浪漫至死不渝♬,48万,秋千说它不想晃
/playlist?id=5342749793,欧美男嗓 | 超好听的冷门优质英文歌,10462,布洛芬解药
/playlist?id=306397077,【节奏控】那些超带感的音乐,30077万,原点FM
/playlist?id=2537151100,【欧美流行】霉霉，查理，比伯，傻脸各种欧,133万,7K7K冰果
/playlist?id=7805970733,陷阱Trap一个天蝎座的听歌列表,15万,RapFollow
/playlist?id=9087825111,浪漫禀冬| 夜色霓虹下，一起私奔逃亡,8503,olly的牙缝
/playlist?id=8801271510,跑步歌单｜夜跑晨跑高效运动放松轻音乐超燃,4958,音乐歌单
/playlist?id=7607731713,欧美R&B｜微醺中带着浪漫的情调,135万,Listento丶music
/playlist?id=2289370154,欧美嘻哈 | 精选中毒旋律,12万,DeeGoaBoy
/playlist?id=8513568350,少女日记｜属于鬼马少女的古灵精怪歌单,35万,小狗电台puppy
/playlist?id=2877465469,『欧美流行精选』迷人嗓音攻陷你的耳朵,699万,搓背学徒
/playlist?id=311067453,有氧跑步|马拉松|180maf节奏心率跑,442万,拳小摆
/playlist?id=8389729604,冯克-电子｜PHONK脱离现实的迷幻气味,17万,凌晨一点的莱茵猫
/playlist?id=8160236871,慵懒R&B｜萦绕耳畔的温柔絮语,58万,_枫叶做的风铃
/playlist?id=8643244720,那些经典又好听的欧美流行歌曲,12万,大强bru
/playlist?id=8846780857,听了干劲十足的英文小众歌曲,767,Eliy-Habir
/playlist?id=8793001483,欧美小众SPA：养眼撩耳双倍享受,5265,嘉伊酱
/playlist?id=8894569319,Rhythm of the city | 城市律动R&B沉醉此刻,73,-孤岛与海_
/playlist?id=8898439248,欧美治愈｜冬天的风我永远记得,55,晚晚会想念你
/playlist?id=2243626503,【重低音| 强节奏】嗨翻你的每个细胞,396万,HUMAN00
/playlist?id=8695606650,【旋律R&B】｜微醺｜今夜爱意荡漾,48万,戴牙套的大牛
/playlist?id=2128570953,开口跪，这么好听的你不想拿来做来电铃声嘛,107万,-戊戌戍
/playlist?id=2126200965,电影里的音乐人，胶片上的旧时光,338万,蝶影丛虫
/playlist?id=8468032039,浪漫的定义：手里拿着玫瑰去见你,69534,早起头发会炸毛
/playlist?id=5393192213,欧美丨旋律控的极致享受！,2026万,a丶安逸
/playlist?id=7599174336,R&B氛围丨万缕柔情 拂动心弦,100万,丨IIIIIIIIII丨
/playlist?id=8808058940,浪漫慵懒｜落日余晖的路上总是爱意弥漫,1773,MAOYOUGG
/playlist?id=5240172096,戴上耳机•拥抱美好与今晚的秋风,777万,樱桃味音乐
/playlist?id=7566163145,【rap&hiphop】极致旋律：值得你听的神仙歌,35051,XXXDAION
/playlist?id=2748492595,欧美万评优质女声•萦绕耳畔忆于心间,3799万,冷森Listen
/playlist?id=8479929121,当炸裂beat配上炸裂说唱flow,13万,CtrlUshift
/playlist?id=8938858821,适合在下雨天听的流行乐歌单|Rainy Day,620,CHAOSLAB混沌实验室
/playlist?id=8468088011,欧美恋歌✧永远沉溺于温柔和浪漫,70613,早起头发会炸毛
/playlist?id=8813277782,欧美Hiphop｜性感 甜欲辣妹 风情万种,275,凌晨一点的莱茵猫
/playlist?id=2338374803,跑步踩点节奏控必备,950万,Papi_Yolanda
/playlist?id=7685735041,欧美流行｜戴上耳机开启治愈模式,116万,_枫叶做的风铃
/playlist?id=8808685673,跑步音乐超燃歌曲180步频踩点节奏控必备集,20889,音乐歌单
/playlist?id=8793237487,恋爱因子 | 你是心动的具象化,1031,小小小的可爱呀
/playlist?id=7687620060,欧美清音疗愈·樱花将灿冬尽风暖,36531,小小小的可爱呀
/playlist?id=3214409637,历届格莱美最佳说唱单曲,26万,九局下半-19
/playlist?id=7721173086,圣诞节一定要听的歌单,36万,-孤岛与海_
/playlist?id=8468775250,欧美独立‖自赏者的镜花水月,86486,CtrlUshift
/playlist?id=8831000550,开车必备热曲 抖腿神曲 驾车音乐推荐 英文,1506,音乐歌单
/playlist?id=8887146515,《泰勒斯威夫特：时代巡回演唱会》电影歌单,6281,ZacLv
/playlist?id=8121718826,欧美说唱丨英文腔调与丝滑flow的碰撞,177万,南山情诗
/playlist?id=8784367417,小众轻柔风：适合旅行听的温柔氛围曲,3115,凌晨一点的莱茵猫
/playlist?id=2258314475,The Weeknd『听觉的慢性麻醉剂 』,133万,HopelessRo_mantic
/playlist?id=8781566901,California vibes｜公路旅行兜风 浪漫自由,704,Abduwali_Offsal
/playlist?id=395591244,热身BGM丨跳舞//运动必备,737万,艾琳艾德勒丶
/playlist?id=8927829558,阳光清晨｜Happy起床必听的清爽英文小曲,73,凌晨一点的莱茵猫
/playlist?id=2748560378,跑步踩点BGM ♥音乐的力量,41万,彩虹藏進雲里
/playlist?id=311126880,说唱与其他音乐风格的美妙结合,251万,用户69578876
/playlist?id=8745990787,欧美男声｜一听倾心的温柔嗓音,23526,_枫叶做的风铃
/playlist?id=3115699150,【杯酒人生】蓝调布鲁斯爵士的性感浪漫情调,37万,ML_陌
/playlist?id=7123792349,超浪漫应景歌单|圣诞节必听歌曲都在这儿了,59101,台妹酱
/playlist?id=8888648129,Viva La Vida | 勇敢的人先享受世界,1120,-孤岛与海_
/playlist?id=8784184523,Good Morning | 让曲调唤醒新的一天,19301,Dream_d7
/playlist?id=636395624,基本功律动卡点节奏控丨Dance,183万,莉莉萝丝
/playlist?id=8903418845,ENFP英文纯享｜快乐小狗 拒绝焦虑,200,施绮言
/playlist?id=7394906170,微醺唱片|遇到快餐时代里小火慢炖的粥了吗,37万,流萤与诗
/playlist?id=8793238156,蓝调漫游 | 穿越城市的街巷，聆听旋律,973,美伢酱子
/playlist?id=8888059197,欧美节奏R&B：旋律控耳膜的极致享受,83,Shylie月
/playlist?id=5341835726,【R&B】浪漫就是玫瑰和见你,39万,Xxxxouu
/playlist?id=7532813644,afrobeats| 律动中感受异域风情,19万,秋chill的首席推歌官
/playlist?id=2200852928,The Hills | 盆栽修完就变深情了。,86849,哈尼Demon
/playlist?id=8847331970,动感单车音乐超带节奏必备 运动健身超嗨,11544,音乐歌单
/playlist?id=2122279649,那些曾经在Billboard上爆红的HipHop———,1428万,火属
/playlist?id=4872825924,洗澡.收拾房间.打扫卫生.化妆.护肤,345万,lalinmoon--w
/playlist?id=2099586597,『节奏向|燃系』欧美流行歌曲,32万,施绮言
/playlist?id=2873336061,旋律说唱，听你诉说这个世界,545万,原点FM
/playlist?id=5288857515,『 高级氛围 』时尚品味 轻奢主义,40952,Soul_Flower
/playlist?id=2584413932,R&B | 极致女声-或低沉性感或甜美柔情,621万,口袋里的黑白键
/playlist?id=8795818026,晨跑音乐｜早上跑步超燃节奏体育训练用音乐,3572,音乐歌单
/playlist?id=170821865,你值得收藏的【美式乡村音乐】持续更新,70万,RockyChen若琪
/playlist?id=6996167283,[治愈英文]没有名字的夜晚,819万,帐号已注销
/playlist?id=6880655744,温柔至极 • 失望世界的避难所,145万,OmenTwwnmfm
/playlist?id=7744094083,PHONK风/电子/精选/迷幻失真,68万,对爱的执念从不是海
/playlist?id=5344699477,黑暗涩气/带感写小说/疯狂幻想专用歌单,362万,陈柏青_
/playlist?id=6892262408,亞文化/精选海外hyperpop! 听过的都夸正宗!,53951,Porsche-Inke
/playlist?id=377552261,【节奏控】超燃带感英文歌,902万,胖座不能橘
/playlist?id=8902774141,Pitchfork杂志：2023年最好的100首单曲,8344,E3-c7
/playlist?id=7359306721,欧美小众| 惊艳世俗的极致氛围,332万,Bruce梁博
/playlist?id=7033356182,欧美R&B 丨或甜或欲的女声,280万,傲娇霉说你泰矮i
/playlist?id=941189827,霉霉 断眉 戳爷 比伯 碧莉 A妹 黄 火星哥等,213万,请你喝星冰乐_
/playlist?id=8793237385,心动欧美频率 | 在美好的时光与你相遇,1233,美伢酱子
/playlist?id=7453089380,深夜emo英文歌单｜平静,54万,66King-
/playlist?id=8183257231,Dopamine多巴胺安｜英文 欧美｜音乐良药,35万,Dopamine多巴胺安
/playlist?id=8857588942,泰勒Taylor霉霉Eras Tour时代巡演大电影,3803,dearHyunA
/playlist?id=2091256206,【LOUNGE BAR】舒缓放松减压微醺迷幻系列,12万,PEachhhh0624
/playlist?id=8830616922,慵懒R&B｜你是落日弥漫的橘，天边透亮的星,826,MAOYOUGG
/playlist?id=3035934594,【踩点节奏控】炸街走路专用BGM,465万,我真的泰霉辣
/playlist?id=5803616,Adele（阿黛尔） 灵魂歌手,289万,随风入梦
/playlist?id=8422571968,【说唱/Rap】顶级腔调 听感直接顶满！,46万,猴里贵想吃麦当劳
/playlist?id=2140808907,Louis Vuitton 路易威登（店内曲精选）,413万,_-Ryan_
/playlist?id=4922538759,英语爆燃歌曲〔节奏控〕,621万,年少白衣纵马
/playlist?id=8793237974,轻快旋律 | 下午茶搭配暖心英文歌,2594,萌萌比卡丘呐
/playlist?id=8861353322,欧美&流行经典：那些听起来很熟悉的英文歌,1250,Shylie月
/playlist?id=4892178801,欧美R&B ·节奏布鲁斯的轻奢尾调,539万,环球音乐国际部
/playlist?id=6813607109,【欧美说唱】听Travis Scott可随身充电,45万,YAR-12xx
/playlist?id=1999600141,圣诞节｜商场音乐合集（持续更新）,71万,思念里邂逅
/playlist?id=5393681837,一人一首代表作丨欧美丨rapper丨说唱丨r&b,25万,Lui4cantseeu
/playlist?id=7378884225,聆听最好的世界,67万,聆听最好的世界
/playlist?id=2048984156,医学生背书专用,55万,玖元香芹
/playlist?id=7479752224,「快乐星球」 会让你心情变好的英文歌,308万,柠暖鸭
/playlist?id=8798234992,『1w+评论』欧美节奏控//动感旋律,40万,Tibet云梦
/playlist?id=2746193185,"卧室温柔/性感/慵懒向/u are my desire.",289万,脏鱼XXX
/playlist?id=7041821309,美式控卫节奏感音乐,344万,轩久保玲
/playlist?id=2532267328,超好听的欧美英语歌，超仙-开口跪,66593,酒酿Lemon
/playlist?id=8861881195,小众歌曲：孤独的精致 另类的温柔,123,凌晨一点的莱茵猫
/playlist?id=4940149731,俏皮与性感极致摩擦 碰撞完美化学反应,889万,舒挽睡不醒
/playlist?id=307740139,奢侈品牌店BGM精选,26万,Chees14
/playlist?id=60498371,万次评论只为这个旋律,4699万,HenryCao
/playlist?id=6849987988,欧美小众｜追逐日落是我献给自己的浪漫,151万,Yuu_bo
/playlist?id=4995122858,Lana Del Rey |心怀诗意的复古歌手,82万,棕鹿与独角兽
/playlist?id=2464078995,ʚɞ精致的猪猪女孩化妆歌单,750万,JeanaChong
/playlist?id=2836412320,『迷幻复古』沉浸在梦境的白日梦想家,44万,ChokeWhale
/playlist?id=6859707981,L’amour｜沉醉夜晚浪漫的千万种理由·爵士,19372,草原狮洛丽斯
/playlist?id=3236134881,【燃向】提神醒脑/高考/补作业/通宵/抖腿,2077万,Avada阿瓦达啃大瓜
/playlist?id=2796936578,超燃英文歌曲，节奏控专属歌单（持续更新）,23万,0BillieEilish
/playlist?id=2129073198,健身减脂燃炸歌单Tiger的停不下来【更新中,97万,SuperTiger18
/playlist?id=626186882,「响指系」令人着迷的响指节奏♬,3035万,OyangJiaqi
/playlist?id=8793237689,爵士夜曲 | 迷醉音符，慵懒旋律,1036,小小小的可爱呀
/playlist?id=8885801057,自由丨趁着夕阳未落，唱响一首老歌,9263,北方易先生
/playlist?id=7297818158,野生面包听什么？,23万,野生面包本人
/playlist?id=2500712706,&B榜历年年榜TOP10/2000至今,110万,乐坛指挥家
/playlist?id=2712936322,踩点 | 前方高能 让你欲罢不能的BGM,4842万,Vxe-
/playlist?id=2570474270,专业修复您的耳朵-R&b,136万,6k1Ms
/playlist?id=425257810,律动，让整个身体因音乐而有内涵,23万,娘口什什
/playlist?id=8887162735,Billboard【全球榜・单曲年榜】2023 TOP100,578,boogggoo
/playlist?id=511670662,【兴奋 运动】鸡血专用,549万,Nianmj
/playlist?id=3112687152,经典英文歌曲/安静治愈/释放/解压,25286,LONER-BM
/playlist?id=875640919,‣欧美R&B||节奏控选入，开嗓抓耳系列,160万,Silverdrewvw
/playlist?id=2080022187,R&B｜交织于慵懒声线中的撩人节奏,630万,凯蒂肥狸
/playlist?id=7487581442,『宝藏R&B』浪漫呜咽情绪氤氲,110万,贤安Xianan
/playlist?id=967816007,声控特辑｜性感男声 开口即心动,181万,鹿九月
/playlist?id=988780980,[欧美民谣] 吟游诗人的醉乡民谣,27万,求知意志
/playlist?id=7035341562,『 城市孤人｜Sad LoFi 慢调旋律小众宝藏』,94万,凯不睡-
/playlist?id=407094657,那些旋律优美的硬核〔旋律硬核〕,27万,朝西眺望
/playlist?id=520982303,Lana Del Rey 拉娜·德雷、翻唱、致敬,71314,倫敦沒有六便士
/playlist?id=7079909352,爵士舞，基本功，卡点音乐，节奏感,78万,勛Y1
/playlist?id=8925897193,慵懒爵士｜浪漫不过期，迎接一场日落微醺,1804,夏日与晚安君
/playlist?id=8863208307,【欧美】鼓点/氛围/R&b/旋律/说唱/,101,叶枫-44
/playlist?id=8793237975,欧美流行 | 放肆逍遥，狂欢时光,2035,圆嘟嘟小甜饼
/playlist?id=4924723995,响指节奏 Ι 一秒入耳的小众英文歌集,198万,仲冬二二
/playlist?id=312734124,【节奏控】超带感的英文歌（经典篇）,16925万,原点FM
/playlist?id=8780318799,【小众旋律】小闲即欢小清既静,14万,margin-1
/playlist?id=3114855525,ღ 歌词有点污但是却很好听的黄曲,503万,沐玢儿
/playlist?id=2342244038,【耳机党】最好听有品又多变的英文歌单,31万,DHNinghai
/playlist?id=774175747,保持乐观，热爱音乐，每天起来吃早餐！,1559万,向来歌哥
/playlist?id=471010097,听完想恋爱的英文歌,231万,车厘子草莓酪lao
/playlist?id=3099335800,熬夜写作业必备醒脑歌单（英文）,1624万,喜爱吃糖的小小高
/playlist?id=8905306505,浪漫R&B｜Submerge香欲 如丝如梦 性感撩人,60,凌晨一点的莱茵猫
/playlist?id=2364112502,适合上班时听的轻快的、有节奏的音乐,17万,Alonevol
/playlist?id=8247715597,治渝向|像救赎的光 又像镜子里的影,37256,月野氿汐
/playlist?id=405248253,神翻译 | 你用歌词写下诗篇,444万,乘喷射机离开
/playlist?id=7474997664,“顶满的国外说唱/感受那些顶级flow和氛围,26万,AKA黑马小火龙
/playlist?id=7440610652,安静|那些自带高级感的英文歌,23万,大猫亲王
/playlist?id=8924874013,节奏感超强英文歌：跑步健身必备,87,一定会成为富婆的
/playlist?id=2813400468,爵士舞蹈燃炸歌单,551万,邓欧m
/playlist?id=877586534,欧美惊艳歌曲 唤醒沉睡的耳朵,605万,萌蛮丶
/playlist?id=8240710339,『欧美抒情治愈』听得见的温柔浪漫 ,22万,搓背学徒
/playlist?id=3198941866,宝藏R&B：那些挑动心弦的惊艳佳作,977万,BAEK-J
/playlist?id=8467791503,ESTP从容 | 不被束缚的松弛感,84183,xiv以暖兮
/playlist?id=8243543178,「Taylor Swift」全球巡演第一站唱44首歌！,66万,MusicJam_
/playlist?id=8536679129,虎牙琴酒ouo天花板司空震s31巅峰第一,55283,阿泽180627
/playlist?id=8090851158,踏向星辰｜温柔到骨子里的浪漫英文歌,56万,雾里沉陷
/playlist?id=8421212275,欧美rap | 节奏与歌词的摩擦碰撞,40万,Zakiya晴子
/playlist?id=8793238021,旅行日记 | 去其他的城市看看不同的风景,506,美伢酱子
/playlist?id=3187280392,PHONK/电子/迷幻失真/精选,20万,芳心纵火犯_ZnRn
/playlist?id=3009720097,「慵懒午后」一朵花的欢颜与一剪流光的浪漫,250万,后原
/playlist?id=7431802193,冬冬张宇豪 / 持续更新,46万,L1ke-yangyang
/playlist?id=8888822370,欧美流行｜Active阳光女孩 快乐 治愈小调,85,凌晨一点的莱茵猫
/playlist?id=8796455677,Favorite Rap | 畅想flow中感受潮流,12817,Dream_d7
/playlist?id=6890699086,『旋律Rnb➠音乐患者的解药』,29万,1-To-l
/playlist?id=7108443918,听欧美经典英文民谣，比喝两瓶二锅头还上头,4261,妈妈说名字够长会有小傻瓜跟着念
/playlist?id=2116417781,开口沉醉 · 慵懒迷幻的欧美女声,3087万,贰拾壹阿-
/playlist?id=4914554433,【杂食】补作业/笔记/手账/画画必刷,252万,Avada阿瓦达啃大瓜
/playlist?id=170300335,本人写作学习歌单（全英文歌单）,64万,海边的Manchester_
/playlist?id=2261004329,【欧美】单曲循环的欧美慢摇,168万,想去西南吹風
/playlist?id=7728926732,【温柔摇滚】不顺从生命里的呐喊与温情,14万,鼠一属二
/playlist?id=8806405281,10年代欧美说唱 | 聆听青春之声,464,萌萌比卡丘呐
/playlist?id=878055250,没什么比唱起Jazz的你 更性感了,336万,KillBunny
/playlist?id=9083442116,慵懒R&B / NeoSoul 32's冬日的卧室特辑,16345,_Ltz_
/playlist?id=3022273858,圣诞氛围｜风雪里最温暖的礼物,52万,Hugo阝東
/playlist?id=145496869,梦想开一家咖啡店喝下午茶,272万,阿花Eva-
/playlist?id=327441246,45首歌走进Lana Del Rey（务必依排顺听,377万,HeyBirdy
/playlist?id=521806549,为我的思念歌一曲：欧美摇滚选集,1045万,xept
/playlist?id=543643220,圣诞节不可错过的欧美歌曲,29331,奥利_Piggy
/playlist?id=2676553013,【电音】听了会上瘾的复古Synthwave,158万,风之君临
/playlist?id=7514646502,跑步燃脂，健身运动，节奏音乐,43074,偷走了西雅图的天空
/playlist?id=8935805357,旋律R&B: 造一个浪漫乌托邦,15,不二叔爱听歌
/playlist?id=146852233,【绝美人声+完美电音】，触电节奏一秒倾心~,1819万,莫小懒_
/playlist?id=2674271194,小众且惊艳 • 私人英文宝藏单曲,416万,OmenTwwnmfm
/playlist?id=2136429572,舞蹈热身 编舞（不定时更新）点个关注,154万,162丶
/playlist?id=8793237903,沉浸音乐 | 欧美流行曲带来放松氛围,1023,小小小的可爱呀
/playlist?id=8793237981,来一杯下午茶 | 流连忘返的咖啡小馆,1363,小小小的可爱呀
/playlist?id=7500132148,欧美R&B·质感“沦陷”情绪沉淀,34万,不二叔爱听歌
/playlist?id=7718525428,欧美｜欢声笑语，撒满旅途,31081,CtrlUshift
/playlist?id=2973542133,Acoustic | 在恬静温柔中浅淡清欢,393万,-KooTo-
/playlist?id=5373116087,R&B SOUL深陷温柔 ,207万,是贝拉阿
/playlist?id=8879712617,泰勒斯威夫特霉霉时代ERAS巡回演唱会大电影,10万,杜_87
/playlist?id=8877287949,索尼音乐精选：史上最强圣诞歌单,3694,索尼音乐国际
/playlist?id=112143747,音乐不眠！那些音乐题材的电影,591万,宅宅和他自己
/playlist?id=8807271008,锻炼歌曲｜放弃多巴胺 追求内啡肽,6496,音乐歌单
/playlist?id=8896151727,温柔的英文歌｜睡觉时听的治愈音乐,6155,音乐歌单
/playlist?id=8480341325,忘不了的人就像月亮 到了晚上才特别明显.,60090,小翅膀的羽毛
/playlist?id=6606528455,欧美精选| 温柔轻唱，散步兜风恰好时,464万,数学能有什么坏心思呢
/playlist?id=7432437447,「欧美男声」开口跪/惊艳欧美男声,52万,Andu___
/playlist?id=8793238011,音乐狂欢 | 属于你的浴室party,994,小小小的可爱呀
/playlist?id=2492467414,超嗨车载DJ：一路火花带闪电,1228万,HJRadio
/playlist?id=3224097560,欧美｜惊艳动人的男嗓穿透心灵 魅力无穷,239万,ClairoToday
/playlist?id=7778719500,昨日重现 那些风靡全球好听的经典英文老歌,7856,__Heisenberg丨
/playlist?id=8240971971,10s 欧美最佳单曲丨那些熟悉的旋律,73万,丨IIIIIIIIII丨
/playlist?id=2206750454,花店营业歌单florist花艺师必备,152万,花工汉钠
/playlist?id=8853617513,欧美慢节奏| 慵懒舒适 海风 公路 落日余晖 ,112,Shylie月
/playlist?id=2715566346,动感普拉提，维密瘦身，节奏音乐,117万,替代不了i
/playlist?id=8245354934,The Eras Tour 霉霉时代演唱会歌单,20万,DancingWithOurHandsTied13
/playlist?id=7028303520,QQ飞车｜端游经典必听精选歌单｜满满回忆,128万,超Q弹的金金金
/playlist?id=2942278931,论怎么做一个酷而有品的人,218万,ChokeWhale
/playlist?id=8793238067,流行旅程 | 音乐点亮公路之夜,1418,小小小的可爱呀
/playlist?id=7257178477,欧美节奏控｜辣妹必备歌单,18万,Andy_Yuee
/playlist?id=8793238158,漫游之路 | 节奏里感受公路旅行的魅力,2228,圆嘟嘟小甜饼
/playlist?id=886719843,众里寻他 | 肋骨至胸腔的冰冷共鸣,96万,KillBunny
/playlist?id=2082967510,〖私藏〗越听越有感觉的英文歌,633万,林Bucheon
/playlist?id=8205461139,微醺r&b慵懒浪漫氛围感卧室音乐,15926,会为盟心动吗
/playlist?id=507447804,法式生活｜慵懒温柔的宝藏法语歌曲,10612,猪猪番茄酱
/playlist?id=8813029795,英文小甜歌 | 阳光小调 欢乐轻快旋律 ,910,白鱼暮归
/playlist?id=972509928,性感迷惑｜酷辣拽姐 Jazz LEE,235万,ICEBERGLEE_
/playlist?id=640147230,「精选英文」适合在咖啡馆放一下午,30万,Yuushi-
/playlist?id=2085147756,老式匪帮说唱 Old School Gangsta Rap,27万,YiHHan逸涵
/playlist?id=519371049,超燃 · 健身氮泵 · 做你自己(持更……),230万,爱健身的小K
/playlist?id=416676558,那些好听不知道名字的神曲｛持续更新｝,1359万,胡英俊o
/playlist?id=2849937207,欧美仙嗓 | 如梦似幻，迷人可爱,509万,后原
/playlist?id=6813112165,『欧美精选』旋律控的极致享受,936万,小软溪
/playlist?id=7723762992,秋日小憩:惬意轻音静享治愈时光,42632,以上皆非-
/playlist?id=8793238002,西海岸风情 | 城市漫步的黑怕swag,1145,小小小的可爱呀
/playlist?id=6755761462,Doomerwave（俄罗斯后朋克合集）,147万,旧的假的三明治
/playlist?id=6723690898,LOL打野节奏运营【自用】,14450,pop-juice
/playlist?id=6654877444,神级(Remix) 电音背后的优质原作公总集 ,78万,子义Yolo
/playlist?id=5245121850,Taylor Swift丨属于她的闪耀时刻！,30万,欧美音乐资讯
/playlist?id=3086599778,网易云评论最多英文TOP100,2191万,蚕豆音乐娘
/playlist?id=7793761370,Merry Christmas！圣诞必听经典热曲,14万,三金哥被绑架了
/playlist?id=2570147233,【私人甄选】切歌算你厉害,211万,Hoosler
/playlist?id=8793237771,夜幕降临 | 欧美流行乐在浪漫夜晚的私语,981,小小小的可爱呀
/playlist?id=8528948179,车载DJ :旅途中的一剂驱困良药,10万,温柔且器
/playlist?id=8392958179,运动多巴胺｜节奏感超强的轻快英文歌,16912,会为盟心动吗
/playlist?id=5310678137,欧美复古‖ 微醺R&B FUNK Pop（日更）,59万,GTA1ove
/playlist?id=2335937641,『走路带风』那些气场十分强大的歌曲,395万,芊栢溡个
/playlist?id=3121581563,『超燃BGM』为何而战的意志胜于钢铁之躯,841万,Redeem昔归
/playlist?id=8870681335,欧美｜百万红心收藏100w+红心收藏单曲循环,494,十万评论热门歌曲_一知老可爱
/playlist?id=7767937378,【学习】热血燃向～提神醒脑防瞌睡型BGM,7625,月朗高天
/playlist?id=8421288273,英文说唱 | 抓耳旋律搭配顺滑flow,88051,Zakiya晴子
/playlist?id=8816280999,冬日来信 | 点击歌单开启十二月好心情,494,-孤岛与海_
/playlist?id=5112029101,《巅峰赛》一听就上头的高燃英文歌曲,735万,澈Geek
/playlist?id=8023868883,慵懒R&B | 沉沦于梦境的动情语调,98万,Bruce梁博
/playlist?id=6717652319,打篮球必备（打篮球时听的歌）,138万,石啟慧
/playlist?id=2892241555,超适合｜地狱客栈hazbinhotel手书制作曲,48万,是阿毒吖-Z
/playlist?id=2898916057,温柔系‖等星星都睡着了 再说想你,524万,ClairoToday
/playlist?id=5188658975,后朋复兴 ‖ 桀骜不逊的复古黑暗美学,32万,英格兰的童话
/playlist?id=7292088397,citywalk指南：与耳机的适配度是100%,49252,也半眠
/playlist?id=60378509,欧美系百听不厌的神曲「节奏控精选」,2044万,lightsV
/playlist?id=8793237895,欢快早晨 | 清晨唤醒快乐节拍,3698,美伢酱子
/playlist?id=8809301013,超燃歌曲｜跑步歌单英文音乐快节奏神曲战歌,10011,音乐歌单
/playlist?id=8855273003,R&B情愫：浪漫鼓点 萌情氛围感,46,凌晨一点的莱茵猫
/playlist?id=383643713,复古合成器° 少年心气,236万,玛丽锁链不同意
/playlist?id=7509780947,即刻出发！换个地方看看人间烟火~,36176,小翅膀的羽毛
/playlist?id=6975541175,Pure：Moment：门店歌单,31292,Eddy李艾迪
/playlist?id=640411210,Vogue • T台秀场&商铺品牌BGM,59080,MbU2
/playlist?id=4969095978,另类独立｜荒岛黎明 梦幻泡影,90万,蒸汽草莓波
/playlist?id=2186405575,【Rap】说唱嘛 跟着晃就完事了,645万,猴里贵想吃麦当劳
/playlist?id=9086532505,欧美治愈 | 音乐总能治愈每个低落的瞬间,893,Dream_d7
/playlist?id=8249478437,有氧跑步随身听♛渐进弹跳音浪,75万,Martin网易云Carlos
/playlist?id=7716181476,放空指南 | 享受云间般的温柔轻浮,192万,Bruce梁博
/playlist?id=7426963052,世界隔离器-在纷扰的世界里戴上耳机,79941,一碗香蕉泥
/playlist?id=5306118951,冬 | 漫步在荒原 我想找一棵栖息的树,212万,最爱洋甘菊
/playlist?id=8777949640,阳光正能量｜感受欧美阳光又清爽的自由旋律,267,凌晨一点的莱茵猫
/playlist?id=8793237672,活力四射 | 清晨唤醒胶囊音乐,1124,萌萌比卡丘呐
/playlist?id=2182714968,很有感觉的英文歌,154万,-丶Trouble-Im-In-
/playlist?id=95242467,『欧美』哈哈 抖腿患者找欢乐来了,104万,PURPOSEAndy
/playlist?id=8793237990,浴池音乐 | 沐浴欧美流行乐的快乐,1212,骑车去芬兰玩
/playlist?id=2106523616,new / 欧美/ 治愈 / 浪漫 2.0,481万,New1an
/playlist?id=8818850192,游戏战歌｜振奋人心的音乐燃曲,2539,音乐歌单
/playlist?id=2648146064,美式复古↣慵懒海风 甜甜假日,156万,Riyc_siiv
/playlist?id=2500328039,❤匪气10足屌炸天的女rapper们❤,114万,AKA占花儿的占
/playlist?id=2292144728,英文歌的天花板,192万,仔崽-Memo
/playlist?id=8887329685,仙子喜欢的温柔 轻快旋律,98,苏仙子-
/playlist?id=3044288218,献给耳朵的礼物，150首欧美新锐歌曲,373万,pure日月
/playlist?id=7433846767,惬意时光丨做个浪漫的白日梦想家,69万,Bzstrive
/playlist?id=2662842746,【踩点剪辑向】色気/斯文败类/燃/炸/,907万,Morocco_Linaria
/playlist?id=3163139856,悠悠时光｜语调轻柔的诉说一场浪漫,238万,Bzstrive
/playlist?id=2036883936,【节奏控】好听又带感的英文歌,5589万,原点FM
/playlist?id=2306871950,超有节奏的英文歌曲,51549,就叫安远吧i
/playlist?id=7799554856,R&B日沉渐匿❀˚浪 漫 与 爱 共 缠 绵,19万,零度光影乄
/playlist?id=8793237457,欧美说唱 | 享受英语丝滑flow,2254,圆嘟嘟小甜饼
/playlist?id=5391567245,霓虹夜总会 | 穿上喇叭裤跳进舞池,97万,弄潮儿电台
/playlist?id=578756647,蜜桃臀、马甲线，女生专用|锻炼BGM持续更新,103万,ming_yuan_
/playlist?id=2091355034,欧美轻快小调∥小清新,464万,芊栢溡个
/playlist?id=8468691397,『长夜将至，我从今开始守望』迷幻独立,99968,CtrlUshift
/playlist?id=2388837237,躁动时刻 | 释放你内心的小魔鬼吧,30万,KillBunny
/playlist?id=161941373,R&B音律丨真爱至上，灵魂嗓音搭配温柔曲风,52872,让胡路与萨尔图
/playlist?id=4975415173,Trapdrill·独立迷幻美学随性摇摆旋律,32万,FFFMans
/playlist?id=8368689369,欧美 · 沉浸在克莱因蓝的浪漫中,12万,圆嘟嘟小甜饼
/playlist?id=6789789625,【黑暗风格】只属于疯批美人,51万,ALTBoLiKe
/playlist?id=8887314471,2023年美国公告牌Billboard单曲年榜,469,ChartMania
/playlist?id=8825120849,YouTube播放量最快破10亿英文歌mv，✔,368,哈如甜茶
/playlist?id=8851530713,Lonely Time | 在这荒诞的世界放逐灵魂,123,-孤岛与海_
/playlist?id=6703766644,轻快小调『英文歌』治愈所有不开心,4807,laguna-_-
/playlist?id=2487144149,主播都在用的超燃宝藏歌单还不快来听听,865万,ZJevo
/playlist?id=8888500000,欧美｜Active阳光女孩 快乐 治愈小调,53,凌晨一点的莱茵猫
/playlist?id=2658719297,Billie Eilish-私藏的小精灵藏不住了,881万,pseudoephedrine
/playlist?id=8891443262,Sn◕w冬日序曲·闲暇寻幽趣，踏雪与你最浪漫,20876,酥塘77
/playlist?id=8868024992,(有序版)Taylor Swift霉霉巡演大电影歌单,25975,戳宝贝的小娇妻
/playlist?id=7024198754,北欧氛围｜如梦似幻的静谧之旅 空灵天籁,19377,-孤岛与海_
/playlist?id=6883224040,节奏电音｜宅家不躺平 在线云蹦迪,130万,这条平凡的狗_QwQ
/playlist?id=8469084264,把喜欢藏进波子汽水泡泡里♡﻿咕咚喝掉！,69824,小翅膀的羽毛
/playlist?id=372629745,耳熟能详，那些播放量过亿的英文歌,587万,Areal肥阳
/playlist?id=2231225770,另类迷幻 『PB-R&B』,78万,Viviwings
/playlist?id=7513484281,暴汗燃脂！精神氮泵击退恶意,34086,偷走了西雅图的天空
/playlist?id=7104475976,舞蹈课前热身/拉伸/基本功/体能音乐,70万,Cen怡颗橙子
/playlist?id=810117939,【听说是今年最火的！】英文歌,224万,我叫小柠檬吖
/playlist?id=605543773,【涩气向】剪辑/踩点/病娇/浴室,592万,陈妄机
/playlist?id=563942723,『欧美』节奏控福利，抖腿族必备,3079万,朗格里戈郎
/playlist?id=532319178,不买衣服 · 我只是来听歌的,38万,-_7-
/playlist?id=8862156435,嘻哈说唱 hip-hop 酒吧 舞池 幻纵 迷情,506,凌晨一点的莱茵猫
/playlist?id=2246687495,‖法式情‖ 浪漫的国度，浪漫的歌曲,19万,Lillypapa
/playlist?id=3107412901,Marry Christmas｜圣诞节欢快背景音乐,41137,Cindy-___
/playlist?id=7590055467,海边与夜晚｜理想的生活需要一点热爱和心动,124万,Listento丶music
/playlist?id=7375073896,梦幻微醺氛围感| 沉浸式小众pop,48万,Bruce梁博
/playlist?id=8739024206,超燃phonk，你都听过吗,24万,呜喵酱kawayii
/playlist?id=7699408632,Justin Bieber | 起起落落归来仍是少年,121万,芳心收集人
/playlist?id=6883618134,【节奏控】一秒心动专属欧美精选,427万,稥澍
/playlist?id=8793237865,晨间运动 | 让你的早晨充满能量,229,萌萌比卡丘呐
/playlist?id=8846687004,慵软爵士：浅酌梦氲的惺忪氛情,11809,Eliy-Habir
/playlist?id=2453681581,10w评论1w+ 热门评英文歌＆音乐』欧美,373万,拜合提亚尔BaiHua
/playlist?id=2703033645,『1w+热评』欧美万评撩耳男声（单曲循环）,6983万,冷森Listen
/playlist?id=8636962420,劲爆DJ热歌：强劲节奏动感狂嗨,5311,温柔且器
/playlist?id=8756740810,欧美快乐曲｜洋溢阳光快乐的清爽英文小调,9927,凌晨一点的莱茵猫
/playlist?id=8793238028,慵懒午后 | 与好友分享惬意时光,1745,萌萌比卡丘呐
/playlist?id=2446996188,【超神级Remix】混音比原曲好听系列,342万,猪蹄子妖精
/playlist?id=8893985490,欧美流行｜优美声线 余音绕梁,37,施绮言
/playlist?id=5429892797,周末宅家必备：慵懒午后降躁指南,368万,治愈事务所
/playlist?id=8787467751,欧美舒缓小调丨怅惘情绪安抚主义,7468,嘉伊酱
/playlist?id=8468165072,励志歌单｜心有暖阳 向阳而生 逐光而行,65394,小翅膀的羽毛
/playlist?id=8524570481,落日兜风｜自由肆意 驰骋在落日浪漫里,25454,凌晨一点的莱茵猫
/playlist?id=8843034754,小众治愈｜海边 漫步 日落 朦胧 治愈氛围,296,凌晨一点的莱茵猫
/playlist?id=8790010946,治愈系英文歌｜睡觉听的歌温暖温柔的歌曲,3875,音乐歌单
/playlist?id=8222515548,钢琴不插电 | 星河相伴的温柔夜晚,12万,弄潮儿电台
/playlist?id=2939725092,[BGM]超带感欧美良曲（典藏版）,1407万,冬日小陈
/playlist?id=9086309808,圣诞主题歌&欢乐营造机 Merry Christmas,1132,凌晨一点的莱茵猫
/playlist?id=2338451227,假如将来开买手店里面放的一定会是这个歌单,16983,闪闪发光的杀手
/playlist?id=7036572151,欧美说唱 | 戴上耳机感受flow的轰炸,502万,腻鹿嘢
/playlist?id=8785695598,小众英文歌曲治愈系天花板,6811,chelife
/playlist?id=2077372083,女声控 | 愿你被这世界温柔以待,75万,薄荷奶啵啵
/playlist?id=4969008301,另类R&B | 私藏 杂食性取向,35万,神的少女灬
/playlist?id=4980069530,私藏级歌单（免费且好听的宝藏英文歌）,30541,Troye_lover
/playlist?id=5304682182,我开服装店就放这些歌 ｜活泼轻快的BGM,8339,伊文思yws
/playlist?id=8861388363,DJ MAG 2023百大DJ热单全收录,79849,Djmagofficial
/playlist?id=826221934,『欧美|珍藏』超好听的英文歌单,459万,HUMAN00
/playlist?id=8793238049,去探索 | 去追城市穿堂而过的风,168,小小小的可爱呀
/playlist?id=8847723695,英文/小众治愈：温柔舒适 神仙嗓音,132,Shylie月
/playlist?id=455529212,慢节奏欧美 | 轻吟倾诉，晚来之时风停雨落,147万,Themint
/playlist?id=7749102488,【踩点慢跑】120bpm，于节奏中忘记疲惫,29万,illusionary_c
/playlist?id=372908519,史上最耐听的经典英文歌曲与名人异国同唱,169万,马文威
/playlist?id=8783125549,Spotify全球流媒体播放量最高TOP100,296,__Heisenberg丨
/playlist?id=7310301097,*小众┊R＆B┊欧美绝美旋律 放松在慵懒午后*,29万,rldreamy21
/playlist?id=5153592120,惬意舒适★温馨的阳光照着柔软的枕头,832万,樱桃味音乐
/playlist?id=2738759532,『爵士音乐』情醉意迷，微醺慵懒的酒馆,615万,一生向海
/playlist?id=5290537552,惬意漫步♪°焦糖日暮与蜜色草地,89万,介是小象
/playlist?id=7549051369,越听越上瘾｜『欧美说唱』,280万,奇龙耶夫
/playlist?id=389611402,『美国自驾』USA西部旅行66号1号公路...,355万,北南乐队
/playlist?id=545634666,适合运动和打游戏时听的歌,272万,凯锅瞬间爆炸
/playlist?id=634740435,浪漫世界的R&B——咖 啡 馆,299万,LadyLuna_
/playlist?id=15163713,百年奥斯卡金曲珍藏版&英文老歌,2276万,bl1985
/playlist?id=8873854259,欧美 | 冷艳空灵的另类节奏布鲁斯,448,iamsunset
/playlist?id=5179102596,开口即跪，攻陷耳朵的英文歌单（持续更新）,15979,烟雨任平生vv
/playlist?id=4955508477,英文｜动感｜节奏感｜欧美音乐,39348,Alris-
/playlist?id=8379041574,欧美说唱 | 抖腿不停绝佳的trap,114万,我爱猫猫-
/playlist?id=8216687564,欧美流行歌曲｜好听到单曲循环,117万,LiriCam
/playlist?id=5381381410,欧美高燃踩点丨荷尔蒙爆炸般的暴力美学,2342万,Amber丶Queen
/playlist?id=8934679117,泰勒斯威夫特 时代巡回演唱会,842,自律的黑暗橘子
/playlist?id=2017842999,呢喃细语 · 触电般的酥麻感侵入全身,937万,qhuiya
/playlist?id=409158859,【拒绝消沉 】比较嗨的歌儿,217万,安风Gloria
/playlist?id=17044038,100首经典英文歌曲排行榜*上篇,3211万,pure日月
/playlist?id=8882411143,霉霉Taylor Swift《时代巡演大电影》歌单,2732,COOKIEGAN
/playlist?id=8806405238,10年代英语流行 | 沉浸在音乐的海洋中,3589,美伢酱子
/playlist?id=7687346744,″约会氛围曲″欧美甜腻撩人情歌,73742,小小小的可爱呀
/playlist?id=529752816,〖梦龙乐队〗Imagine Dragons♥—全场最佳,507万,加冰的可乐er
/playlist?id=6837374883,欧美精品|【人生中的另一个世界】,33832,Eternity丨Pluto
/playlist?id=7602291258,［慵懒微醺］出逃吧 在日落黄昏前,17万,芳心收集人
/playlist?id=8465271163,黄昏朦胧|超chill°的落日沉醉,17231,音乐合伙人
/playlist?id=2555218682,【上瘾系列】鼓点响指——摇摆抖腿♛,374万,夏熙寻
/playlist?id=389177356,「欧美」开口跪 旋律脆 节奏控,59万,pwdkzl
/playlist?id=719257027,车载系【二】炸街必备,1691万,温柔且器
/playlist?id=8927086875,欧美节奏控|触碰你的听觉神经,20,不二叔爱听歌
/playlist?id=3114951264,你不是最擅长打逆风局吗,158万,你也没能成为我的救赎
/playlist?id=7284547679,复古派对 | 坠入爱河的最佳时机,46万,尘埃之海
/playlist?id=2030866279,欧美空灵女声 | 耳朵已怀孕,92482,小肉园
/playlist?id=715176845,安静系列欧美轻音乐,21万,黑兔_HT
/playlist?id=647135926,『欧美前奏控』论歌曲前奏的重要性,1719万,冷森Listen
/playlist?id=6902490421,『驾车』低频节奏迸发速度,95万,GalaxyPro
/playlist?id=5474594286,心动模式•今日份的美好旋律与明朗节奏,126万,樱桃味音乐
/playlist?id=8796285122,欧美快乐氛围｜踩着欢乐拍子，跳支快乐舞,91,Shylie月
/playlist?id=8871969270,经典英文歌曲｜或许今年的冬天更值得期待呢,452,音乐歌单
/playlist?id=2728603095,爵士/蓝调/迷幻/杂 『Tea Time御用歌单』,31351,双眼皮精咦
/playlist?id=2947853206,和健身房运动锻炼很搭的｜嗨歌,27848,Adela_xu
/playlist?id=398994593,「极致女声」电音与女声的完美搭配,121万,Azrora
/playlist?id=2183721107,一个有点意思的英文歌单,151万,HrDenny
/playlist?id=8793237926,与你邂逅 | 把浪漫藏进下午时光,1212,骑车去芬兰玩
/playlist?id=151294356,清吧抒情英文歌曲,559万,我只身一人游过心海
/playlist?id=6967356806,| 事前事后 | 暧昧 | 歌单~,53万,GorgeousAO
/playlist?id=6839052279,惊艳女嗓丨极致个性 闻声心动的旋律,195万,丨IIIIIIIIII丨
/playlist?id=121127163,泰勒斯威夫特霉霉Taylor Swift歌单,825万,TaylorSwift丶13
/playlist?id=8793237529,卡点旋律 | 跟着节奏摇头晃脑,1972,骑车去芬兰玩
/playlist?id=7085792156,Marry Christmas‖欧美圣诞特辑,93925,Camendes
/playlist?id=8891750307,欧美小众｜Submerge 干净 治愈 惊艳男友嗓,44,凌晨一点的莱茵猫
/playlist?id=7497459914,欧美温柔男声 | 日落尤其温柔人间皆是浪漫,19851,月亮藏不住的小情绪
/playlist?id=3111369145,抱歉 我天生很酷 走路带风,438万,鹿白川
/playlist?id=7223126828,Melody Rap｜Trap&B｜旋律说唱｜顶级旋律,68万,帐号已注销
/playlist?id=128194921,【T台】2022最冷门法国巴黎新时尚时装音乐,42万,马文威
/playlist?id=8808613007,健身房歌单超燃力量训练有氧运动必备音乐集,3652,音乐歌单
/playlist?id=2959412217,超火英文歌 | 精准卡点 slay全场,966万,小小小屎壳郎
/playlist?id=8878772465,微醺R&B 丝滑 柔情氛围 醉倒温柔乡,46,Rare子然先生
/playlist?id=2476865259,【快乐加载中...】节奏控必备英文歌单,600万,柒柒柒如是
/playlist?id=2920934734,『怀旧欧美』百首不得不听的英文经典,265万,枫jackie
/playlist?id=7539242474,欧美人声 | 温柔到极致便是美好,53218,小翅膀的羽毛
/playlist?id=138693955,温暖 | 治愈耳朵系列 舒缓的英文旋律,45万,Memrises
/playlist?id=3086694743,APEX/节奏说唱/和faide一起在碎片鬼叫,36万,厚damn玉子烧
/playlist?id=2712932964,售楼部案场音乐（英文欢快),53万,Vincent梵高先生
/playlist?id=8894750340,Taylor Swift霉霉：时代巡回大电影歌单,5068,t1s3m
/playlist?id=8241822457,Taylor Swift The Eras Tour时代之旅巡演,4236,J1hendm
/playlist?id=469325218,现代静吧必备歌单,29万,OLD-Meo
/playlist?id=2883010625,. 油管‘好听到爆的英文,950万,Delancey_Ann
/playlist?id=77771730,评论过十万的英文歌（珍藏）,3847万,苏歌的情歌
/playlist?id=2514269356,欧美微醺 · 韵味十足的高级爵士女嗓,641万,shakemyhead
/playlist?id=3206950903,霉霉的至尊VIP歌单,38万,丢失的梁先森__泪七
/playlist?id=6860376211,［欧美控］好听的英文歌持续更新中,986万,林姝虞
/playlist?id=7104719079,北京工体PH玩家丨hip-hop club,32万,姚乐乐乐乐乐乐乐
/playlist?id=2852505129,世界顶级VIK沙龙音乐,69万,星哲-Mr
/playlist?id=2975772902,超励志英文歌每首都想循环！！,400万,Yamadamikka
/playlist?id=7597133,一人一首成名曲【欧美版】,127万,DJ-W凯瑟琳
/playlist?id=2359753189,【节奏｜欧美｜旋律】总有一首你的单曲循环,214万,我本该就属于大海
/playlist?id=2796103570,【1w+热评】适合学习听的温柔英语歌,33万,梵高先生-不姓梵
/playlist?id=8793237988,远途之旅 | 音乐驱散旅途疲惫,1489,骑车去芬兰玩
/playlist?id=3018739880,晚安曲‖开普勒的浪漫 只有银河知道,352万,ClairoToday
/playlist?id=404203653,守护你值得一生欣听的英文歌,1346万,帝歌-世界因你而更美好
/playlist?id=7257116526,开口跪 | 侵入耳膜的欧美风歌曲,405万,肉肉的肉侬
/playlist?id=7669623718,Chill Time丨浸润于夜色中的一抹寂静,40万,丨IIIIIIIIII丨
/playlist?id=7455379429,Acoustic丨温暖纯净 浪漫到入骨的温柔,221万,丨IIIIIIIIII丨
/playlist?id=407587532,开最破的车，听最骚的歌。,76万,-Kazigga-
/playlist?id=4864909779,冷门小众的宝藏英文歌曲 |温柔清新|！,222万,阳苔_z
/playlist?id=8738380749,【欧美】入耳前奏｜迷醉旋律直击内心,56820,萌仙SHARE
/playlist?id=88903952,The Beatles 披头士所有专辑金曲全记录,40987,演唱会王子
/playlist?id=6885030145,欧美说唱「令 人 上 头 的 hip-hop 艺 术」,169万,AlvaroSoler_Official
/playlist?id=2895448834,开口沉醉英文歌【写作业/运动/睡觉】,1065万,白月荒
/playlist?id=7677564756,「爵士舞」热身/基本功-强鼓点音乐,53800,于礼jamie
/playlist?id=5180437876,日落大道｜晚霞棕榈下的复古心绪,482万,NeilShine_
/playlist?id=5474516614,清晨唤醒｜开启元气满满的一天吧,35万,超大份披萨oO
/playlist?id=8793238197,90年代欧美摇滚 | 自由与真实的情感表达,603,小小小的可爱呀
/playlist?id=8613442368,【宝藏杂货铺】进来挑选首喜欢的吧！,8575,猴里贵想吃麦当劳
/playlist?id=2364146680,提神醒脑 疯狂抖腿魔性摇头.GIF,5095万,鹿白川
/playlist?id=2968950064,[乡村音乐]田纳西州的音乐之路,583万,小铁Joe
